file,total_lines,include_lines,code_lines,comment_lines,preproc_lines,blank_lines_raw,inline_comment_count,comments_per_loc,function_count,avg_func_loc,module_count
./models/05_H08/bin/ht2dto1d.f,159,0,104,55,0,0,0,0.5288,1,65.0,0
./models/05_H08/bin/htarray.f,112,0,68,44,0,0,0,0.6471,1,33.0,0
./models/05_H08/bin/htbin2list.f,223,0,132,109,0,0,18,0.8258,1,82.0,0
./models/05_H08/bin/htcal.f,47,0,16,31,0,0,0,1.9375,1,7.0,0
./models/05_H08/bin/htcat.f,94,0,51,43,0,0,0,0.8431,1,16.0,0
./models/05_H08/bin/htcatchment.f,234,0,179,55,0,2,2,0.3073,1,99.0,0
./models/05_H08/bin/htcatts.f,199,0,148,50,0,3,2,0.3378,1,92.0,0
./models/05_H08/bin/htcreate.f,66,0,27,39,0,0,0,1.4444,1,11.0,0
./models/05_H08/bin/htcreatenc.F,359,2,268,89,0,0,0,0.3321,2,84.5,0
./models/05_H08/bin/htcreatencfx.F,216,2,135,79,0,0,0,0.5852,2,36.0,0
./models/05_H08/bin/htedit.f,159,0,118,45,0,1,5,0.3814,1,75.0,0
./models/05_H08/bin/htextract.f,155,0,106,71,0,0,22,0.6698,1,38.0,0
./models/05_H08/bin/htformat.f,151,0,110,41,0,0,0,0.3727,1,57.0,0
./models/05_H08/bin/htid.f,129,0,91,38,0,0,0,0.4176,1,52.0,0
./models/05_H08/bin/htidw.f,676,0,536,236,0,1,97,0.4403,1,344.0,0
./models/05_H08/bin/htl2xl2y.f,90,0,47,43,0,0,0,0.9149,1,22.0,0
./models/05_H08/bin/htlinear.f,361,0,267,130,0,0,36,0.4869,1,144.0,0
./models/05_H08/bin/htlist2bin.f,251,0,168,105,0,0,22,0.625,1,118.0,0
./models/05_H08/bin/htlsmtxt.f,117,0,72,44,0,1,0,0.6111,1,47.0,0
./models/05_H08/bin/htmask.f,254,0,208,53,0,0,7,0.2548,1,128.0,0
./models/05_H08/bin/htmaskrplc.f,268,0,222,56,0,0,10,0.2523,1,140.0,0
./models/05_H08/bin/htmath.f,141,0,83,44,0,14,0,0.5301,1,54.0,0
./models/05_H08/bin/htmean.f,158,0,116,44,0,1,3,0.3793,1,68.0,0
./models/05_H08/bin/htmeantxt.f,162,0,104,48,0,10,0,0.4615,1,47.0,0
./models/05_H08/bin/htmettxt.f,356,0,297,71,0,2,14,0.2391,1,196.0,0
./models/05_H08/bin/htopt.f,71,0,46,25,0,1,1,0.5435,1,37.0,0
./models/05_H08/bin/htpercentile.f,160,0,111,49,0,0,0,0.4414,1,57.0,0
./models/05_H08/bin/htpoint.f,150,0,108,45,0,2,5,0.4167,1,68.0,0
./models/05_H08/bin/htpointts.f,350,0,296,60,0,1,7,0.2027,1,211.0,0
./models/05_H08/bin/htputncfx.F,196,2,117,77,0,0,0,0.6581,2,27.0,0
./models/05_H08/bin/htputncts.F,304,2,221,81,0,0,0,0.3665,2,68.0,0
./models/05_H08/bin/htrank.f,252,0,200,49,0,3,0,0.245,1,119.0,0
./models/05_H08/bin/htranktxt.f,258,0,212,46,0,0,0,0.217,1,126.0,0
./models/05_H08/bin/htrs.f,109,0,57,51,0,1,0,0.8947,1,21.0,0
./models/05_H08/bin/htstat.f,178,0,129,48,0,1,0,0.3721,1,78.0,0
./models/05_H08/bin/htstatlst.f,150,0,100,48,0,2,0,0.48,1,65.0,0
./models/05_H08/bin/htstattxt.f,185,0,128,51,0,6,0,0.3984,1,72.0,0
./models/05_H08/bin/httime.f,134,0,88,46,0,0,0,0.5227,1,40.0,0
./models/05_H08/bin/httimetxt.f,298,0,218,70,0,10,0,0.3211,1,115.0,0
./models/05_H08/bin/htuscale.f,108,0,68,48,0,0,8,0.7059,1,23.0,0
./models/05_H08/bin/htuvwind.f,101,0,45,42,0,14,0,0.9333,1,18.0,0
./models/05_H08/bin/htwind.f,75,0,34,41,0,0,0,1.2059,1,13.0,0
./models/05_H08/cpl/bin/calc_flgcrp.f,167,0,109,63,0,1,6,0.578,1,82.0,0
./models/05_H08/cpl/bin/calc_irgapp.f,212,0,165,63,0,1,17,0.3818,1,135.0,0
./models/05_H08/cpl/bin/calc_irgapp_hyper.f,291,0,234,77,0,1,21,0.3291,1,201.0,0
./models/05_H08/cpl/bin/calc_watsrc.f,112,0,79,33,0,0,0,0.4177,1,41.0,0
./models/05_H08/cpl/bin/main.f,3211,0,2768,759,0,26,343,0.2742,1,1179.0,0
./models/05_H08/cpl/bin/main_ftcs.f,3173,0,2750,737,0,27,341,0.268,1,1168.0,0
./models/05_H08/cpl/bin/main_hyper.f,3133,0,2741,706,0,35,349,0.2576,1,1153.0,0
./models/05_H08/crp/bin/calc_crpyld.f,665,0,498,260,0,0,93,0.5221,1,392.0,0
./models/05_H08/crp/bin/main.f,830,0,590,355,0,1,116,0.6017,1,274.0,0
./models/05_H08/crp/pre/prog_FAOSTAT.f,169,0,125,48,0,0,4,0.384,1,75.0,0
./models/05_H08/crp/pst/prog_crpcal.f,265,0,186,94,0,0,15,0.5054,1,119.0,0
./models/05_H08/crp/pst/prog_manual.f,88,0,51,37,0,0,0,0.7255,1,35.0,0
./models/05_H08/crp/pst/prog_vwcnew.f,1141,0,978,187,0,34,58,0.1912,1,513.0,0
./models/05_H08/dam/bin/calc_damdem.f,64,0,32,32,0,0,0,1.0,1,27.0,0
./models/05_H08/dam/bin/calc_resope.f,202,0,148,70,0,1,17,0.473,1,129.0,0
./models/05_H08/dam/bin/calc_resope_hyper.f,419,0,350,85,0,1,17,0.2429,1,289.0,0
./models/05_H08/dam/bin/main.f,239,0,147,108,0,15,31,0.7347,1,53.0,0
./models/05_H08/dam/pre/prog_damdem.f,127,0,83,44,0,0,0,0.5301,1,38.0,0
./models/05_H08/lib/calc_uscale.f,137,0,96,40,0,10,9,0.4167,1,94.0,0
./models/05_H08/lib/cgetfnl.f,86,0,48,38,0,0,0,0.7917,1,45.0,0
./models/05_H08/lib/cgetfnt.f,139,0,94,45,0,0,0,0.4787,1,86.0,0
./models/05_H08/lib/conv_qatorh.f,74,0,40,42,0,0,8,1.05,1,31.0,0
./models/05_H08/lib/conv_r1toi2.f,53,0,22,31,0,0,0,1.4091,1,19.0,0
./models/05_H08/lib/conv_r1tor2.f,53,0,22,31,0,0,0,1.4091,1,19.0,0
./models/05_H08/lib/conv_r2tor1.f,51,0,20,31,0,0,0,1.55,1,17.0,0
./models/05_H08/lib/conv_rhtoqa.f,74,0,40,42,0,0,8,1.05,1,31.0,0
./models/05_H08/lib/conv_rstors.f,94,0,57,40,0,0,3,0.7018,1,55.0,0
./models/05_H08/lib/igetday.f,67,0,33,34,0,0,0,1.0303,1,33.0,0
./models/05_H08/lib/igetdoy.f,54,0,24,31,0,0,1,1.2917,1,24.0,0
./models/05_H08/lib/igeti0l.f,47,0,17,31,0,0,1,1.8235,1,17.0,0
./models/05_H08/lib/igeti0x.f,49,0,8,40,0,1,0,5.0,1,8.0,0
./models/05_H08/lib/igeti0y.f,51,0,8,42,0,1,0,5.25,1,8.0,0
./models/05_H08/lib/igetnxx.f,49,0,23,26,0,0,0,1.1304,1,23.0,0
./models/05_H08/lib/igetnxy.f,49,0,23,26,0,0,0,1.1304,1,23.0,0
./models/05_H08/lib/igetymd.f,56,0,25,31,0,0,0,1.24,1,25.0,0
./models/05_H08/lib/is_char.f,59,0,29,30,0,0,0,1.0345,1,28.0,0
./models/05_H08/lib/len_trim.f,39,0,12,27,0,0,0,2.25,1,12.0,0
./models/05_H08/lib/read_ascii2.f,114,0,72,41,0,1,0,0.5694,1,69.0,0
./models/05_H08/lib/read_ascii3.f,83,0,44,39,0,0,0,0.8864,1,38.0,0
./models/05_H08/lib/read_ascii4.f,99,0,63,36,0,0,0,0.5714,1,58.0,0
./models/05_H08/lib/read_ascii5.f,120,0,81,39,0,0,0,0.4815,1,77.0,0
./models/05_H08/lib/read_asciiu.f,54,0,24,30,0,0,0,1.25,1,21.0,0
./models/05_H08/lib/read_binary.f,59,0,23,36,0,0,0,1.5652,1,22.0,0
./models/05_H08/lib/read_bytswp.f,44,0,15,29,0,0,0,1.9333,1,12.0,0
./models/05_H08/lib/read_i1l2xy.f,51,0,21,30,0,0,0,1.4286,1,18.0,0
./models/05_H08/lib/read_result.f,181,0,127,57,0,0,3,0.4488,1,109.0,0
./models/05_H08/lib/rgetara.f,75,0,38,49,0,0,12,1.2895,1,36.0,0
./models/05_H08/lib/rgetlat.f,58,0,15,42,0,1,0,2.8,1,15.0,0
./models/05_H08/lib/rgetlen.f,117,0,54,88,0,2,27,1.6296,1,54.0,0
./models/05_H08/lib/rgetlon.f,58,0,15,42,0,1,0,2.8,1,15.0,0
./models/05_H08/lib/sort_decord.f,72,0,40,35,0,0,3,0.875,1,37.0,0
./models/05_H08/lib/sort_incord.f,69,0,37,37,0,0,5,1.0,1,34.0,0
./models/05_H08/lib/wrte_ascii2.f,95,0,57,37,0,1,0,0.6491,1,54.0,0
./models/05_H08/lib/wrte_ascii3.f,89,0,50,39,0,0,0,0.78,1,43.0,0
./models/05_H08/lib/wrte_ascii4.f,117,0,79,38,0,0,0,0.481,1,75.0,0
./models/05_H08/lib/wrte_ascii5.f,146,0,108,38,0,0,0,0.3519,1,103.0,0
./models/05_H08/lib/wrte_asciiu.f,44,0,15,29,0,0,0,1.9333,1,12.0,0
./models/05_H08/lib/wrte_binary.f,44,0,15,29,0,0,0,1.9333,1,12.0,0
./models/05_H08/lib/wrte_bints2.f,266,0,204,68,0,0,6,0.3333,1,185.0,0
./models/05_H08/lib/wrte_bints3.f,147,0,92,62,0,0,7,0.6739,1,75.0,0
./models/05_H08/lib/wrte_bytswp.f,41,0,12,29,0,0,0,2.4167,1,12.0,0
./models/05_H08/lnd/bin/calc_leakyb.f,1061,0,768,389,0,2,171,0.5065,1,531.0,0
./models/05_H08/lnd/bin/calc_ts_nxt.f,102,0,67,35,0,0,0,0.5224,1,60.0,0
./models/05_H08/lnd/bin/main.f,772,0,658,200,0,3,89,0.304,1,192.0,0
./models/05_H08/lnd/bin/main_fix.f,731,0,628,184,0,0,81,0.293,1,200.0,0
./models/05_H08/lnd/pre/prog_gwr_fa.f,110,0,61,53,0,0,4,0.8689,1,23.0,0
./models/05_H08/lnd/pre/prog_gwr_fp.f,88,0,41,49,0,0,2,1.1951,1,17.0,0
./models/05_H08/lnd/pre/prog_gwr_fr.f,192,0,122,70,0,0,0,0.5738,1,80.0,0
./models/05_H08/lnd/pre/prog_gwr_ft.f,102,0,48,57,0,0,3,1.1875,1,18.0,0
./models/05_H08/lnd/pst/prog_cwd.f,153,0,104,51,0,0,2,0.4904,1,52.0,0
./models/05_H08/map/bin/calc_damalc.f,263,0,186,86,0,3,12,0.4624,1,132.0,0
./models/05_H08/map/bin/calc_damgov.f,260,0,183,82,0,0,5,0.4481,1,120.0,0
./models/05_H08/map/bin/calc_rivara.f,133,0,74,67,0,0,8,0.9054,1,38.0,0
./models/05_H08/map/bin/calc_rivcen.f,147,0,97,64,0,0,14,0.6598,1,47.0,0
./models/05_H08/map/bin/calc_rivcol.f,237,0,183,54,0,0,0,0.2951,1,111.0,0
./models/05_H08/map/bin/calc_rivnum.f,256,0,181,89,0,0,14,0.4917,1,105.0,0
./models/05_H08/map/bin/calc_rivnxl.f,187,0,127,87,0,2,29,0.685,1,56.0,0
./models/05_H08/map/bin/calc_rivseq.f,195,0,118,94,0,2,19,0.7966,1,61.0,0
./models/05_H08/map/bin/list_flwdir.f,50,0,19,30,0,1,0,1.5789,1,15.0,0
./models/05_H08/map/bin/prog_crpint.f,88,0,44,44,0,0,0,1.0,1,25.0,0
./models/05_H08/map/bin/prog_crptyp.f,173,0,109,75,0,0,11,0.6881,1,68.0,0
./models/05_H08/map/pre/prog_damgrd.f,355,0,273,116,0,0,34,0.4249,1,159.0,0
./models/05_H08/map/pre/prog_frcgw.f,226,0,157,62,0,7,0,0.3949,1,96.0,0
./models/05_H08/map/pre/prog_grdara.f,109,0,71,38,0,0,0,0.5352,1,30.0,0
./models/05_H08/map/pre/prog_hlf2one.f,75,0,38,37,0,0,0,0.9737,1,6.0,0
./models/05_H08/map/pre/prog_map_AQUASTAT.f,104,0,64,40,0,0,0,0.625,1,33.0,0
./models/05_H08/map/pre/prog_map_arafrc_KYUSYU.f,229,0,172,60,0,2,5,0.3488,1,105.0,0
./models/05_H08/map/pre/prog_map_C05_nat.f,183,0,134,49,0,0,0,0.3657,1,54.0,0
./models/05_H08/map/pre/prog_map_C05_pop.f,125,0,89,35,0,1,0,0.3933,1,38.0,0
./models/05_H08/map/pre/prog_map_cities_B_KYUSYU.f,172,0,115,67,0,0,10,0.5826,2,40.5,0
./models/05_H08/map/pre/prog_map_cities_code_KYUSYU.f,82,0,49,33,0,0,0,0.6735,1,27.0,0
./models/05_H08/map/pre/prog_map_cities_KYUSYU.f,161,0,105,66,0,0,10,0.6286,2,36.0,0
./models/05_H08/map/pre/prog_map_cstlin.f,133,0,88,45,0,0,0,0.5114,1,31.0,0
./models/05_H08/map/pre/prog_map_etopo.f,49,0,27,22,0,0,0,0.8148,1,10.0,0
./models/05_H08/map/pre/prog_map_IGRAC.f,99,0,62,36,0,1,0,0.5806,1,36.0,0
./models/05_H08/map/pre/prog_map_ind_KYUSYU.f,144,0,97,59,0,2,14,0.6082,1,56.0,0
./models/05_H08/map/pre/prog_map_K14.f,255,0,165,106,0,0,16,0.6424,1,101.0,0
./models/05_H08/map/pre/prog_map_lcan.f,369,0,280,119,0,3,33,0.425,2,79.5,0
./models/05_H08/map/pre/prog_map_lcan2.f,387,0,295,122,0,3,33,0.4136,2,83.5,0
./models/05_H08/map/pre/prog_map_M08.f,172,0,122,50,0,0,0,0.4098,1,48.0,0
./models/05_H08/map/pre/prog_map_NIAES_KYUSYU.f,189,0,108,89,0,0,8,0.8241,1,41.0,0
./models/05_H08/map/pre/prog_map_pop_KYUSYU.f,225,0,151,89,0,0,15,0.5894,1,102.0,0
./models/05_H08/map/pre/prog_one2hlf.f,118,0,75,43,0,0,0,0.5733,1,18.0,0
./models/05_H08/map/pre/prog_riv_WATCH.f,91,0,49,42,0,0,0,0.8571,1,30.0,0
./models/05_H08/met/pre/prog_RH.f,151,0,109,47,0,0,5,0.4312,1,43.0,0
./models/05_H08/met/pre/prog_WDD.f,114,0,71,44,0,0,1,0.6197,1,30.0,0
./models/05_H08/met/pre/prog_WFD.f,125,0,80,45,0,0,0,0.5625,1,32.0,0
./models/05_H08/met/pre/prog_WFDEI.f,107,0,62,45,0,0,0,0.7258,1,21.0,0
./models/05_H08/met/pre/ptwR2bin_f.f,214,0,142,95,0,5,79,0.669,1,82.0,0
./models/05_H08/met/pre/ptwRpR2bin_f.f,256,0,162,136,0,5,120,0.8395,1,112.0,0
./models/05_H08/met/pre/recycle/day_AMeDAS_lwdo.f90,537,0,434,30,0,85,30,0.0691,1,427.0,0
./models/05_H08/met/pre/recycle/day_AMeDAS_qair.f90,49,0,26,6,0,17,6,0.2308,1,19.0,0
./models/05_H08/met/pre/recycle/day_AMeDAS_swdo.f90,258,0,195,20,0,55,20,0.1026,1,188.0,0
./models/05_H08/met/pre/recycle/day_lwdo.f90,294,0,214,18,0,74,18,0.0841,1,207.0,0
./models/05_H08/met/pre/recycle/day_qair.f90,48,0,26,5,0,17,5,0.1923,1,19.0,0
./models/05_H08/met/pre/recycle/eletair_point2grid.f90,68,0,40,8,0,20,8,0.2,1,33.0,0
./models/05_H08/met/pre/recycle/lwdo_point2grid.f90,65,0,38,4,0,23,4,0.1053,1,31.0,0
./models/05_H08/met/pre/recycle/makebin_lwdo_daily.f90,56,0,33,4,0,19,4,0.1212,1,26.0,0
./models/05_H08/met/pre/recycle/makebin_psur_daily.f90,56,0,33,4,0,19,4,0.1212,1,26.0,0
./models/05_H08/met/pre/recycle/makebin_qair_daily.f90,55,0,33,4,0,18,4,0.1212,1,26.0,0
./models/05_H08/met/pre/recycle/makebin_rain_daily.f90,56,0,33,4,0,19,4,0.1212,1,26.0,0
./models/05_H08/met/pre/recycle/makebin_rain_daily_org.f90,52,0,30,3,0,19,3,0.1,1,24.0,0
./models/05_H08/met/pre/recycle/makebin_swdo_daily.f90,56,0,33,4,0,19,4,0.1212,1,26.0,0
./models/05_H08/met/pre/recycle/makebin_tair_daily.f90,56,0,33,4,0,19,4,0.1212,1,26.0,0
./models/05_H08/met/pre/recycle/makebin_wind_daily.f90,60,0,33,8,0,19,8,0.2424,1,26.0,0
./models/05_H08/met/pre/recycle/psur_point2grid.f90,67,0,38,7,0,22,7,0.1842,1,31.0,0
./models/05_H08/met/pre/recycle/qair_point2grid.f90,69,0,38,4,0,27,4,0.1053,1,31.0,0
./models/05_H08/met/pre/recycle/rain_point2grid.f90,67,0,38,9,0,20,9,0.2368,1,31.0,0
./models/05_H08/met/pre/recycle/swdo_point2grid.f90,65,0,38,4,0,23,4,0.1053,1,31.0,0
./models/05_H08/met/pre/recycle/tair_point2grid.f90,67,0,38,9,0,20,9,0.2368,1,31.0,0
./models/05_H08/met/pre/recycle/wind_point2grid.f90,68,0,38,7,0,23,7,0.1842,1,31.0,0
./models/05_H08/met/pst/prog_koppen.f,338,0,252,104,0,0,18,0.4127,1,181.0,0
./models/05_H08/riv/bin/calc_humact.f,752,0,598,229,0,0,75,0.3829,9,45.56,0
./models/05_H08/riv/bin/calc_humact_ftcs.f,760,0,602,234,0,0,76,0.3887,9,46.11,0
./models/05_H08/riv/bin/calc_humact_hyper.f,762,0,605,231,0,0,74,0.3818,9,46.11,0
./models/05_H08/riv/bin/calc_outflw.f,93,0,51,54,0,0,12,1.0588,1,38.0,0
./models/05_H08/riv/bin/calc_outflw_ftcs.f,95,0,49,59,0,0,13,1.2041,1,36.0,0
./models/05_H08/riv/bin/calc_spinup.f,100,0,57,52,0,0,9,0.9123,1,50.0,0
./models/05_H08/riv/bin/main.f,253,0,168,128,0,2,45,0.7619,1,65.0,0
./models/05_H08/riv/bin/main_ftcs.f,253,0,165,129,0,2,43,0.7818,1,65.0,0
./models/05_H08/riv/pre/prog_clsest.f,137,0,92,44,0,1,0,0.4783,1,37.0,0
./models/05_H08/riv/pst/prog_envout.f,255,0,168,92,0,0,5,0.5476,1,107.0,0
./models/05_H08/riv/pst/prog_flddro.f,383,0,299,99,0,0,15,0.3311,1,149.0,0
