file,total_lines,code_lines,comment_lines,blank_lines_raw,comments_per_loc,function_count,avg_func_loc
./models/11_mHM/check/clean_mhm_checks.py,41,18,18,5,1.0,0,0.0
./models/11_mHM/check/run_mhm_checks.py,649,441,148,60,0.3356,18,18.28
./models/11_mHM/post-proc/bankfull_discharge.py,173,94,50,29,0.5319,9,9.56
./models/11_mHM/post-proc/date2dec.py,670,310,308,52,0.9935,1,306.0
./models/11_mHM/post-proc/format_doxygen_docs_in_f90.py,790,656,55,79,0.0838,45,13.18
./models/11_mHM/post-proc/fread.py,555,263,257,35,0.9772,1,258.0
./models/11_mHM/post-proc/lif.py,169,48,93,28,1.9375,1,44.0
./models/11_mHM/post-proc/mhm.py,430,284,66,80,0.2324,13,21.54
./models/11_mHM/post-proc/mhm_cell.py,98,42,31,25,0.7381,6,6.33
./models/11_mHM/post-proc/netcdf4.py,712,308,286,118,0.9286,33,7.94
./models/11_mHM/post-proc/plotting_Q.py,227,134,82,11,0.6119,0,0.0
./models/11_mHM/post-proc/prob_forecast.py,222,127,33,62,0.2598,6,13.67
./models/11_mHM/post-proc/readnetcdf.py,449,154,249,46,1.6169,4,37.25
./models/11_mHM/post-proc/test_mhm_sas_class.py,46,14,18,14,1.2857,0,0.0
./models/11_mHM/post-proc/__init__.py,59,5,39,15,7.8,0,0.0
./models/11_mHM/post-proc/sas/aux_fun.py,128,73,11,44,0.1507,10,6.8
./models/11_mHM/post-proc/sas/get_p.py,139,14,84,41,6.0,2,6.5
./models/11_mHM/post-proc/sas/get_theta.py,72,9,41,22,4.5556,1,8.0
./models/11_mHM/post-proc/sas/get_U_num.py,12,3,4,5,1.3333,1,2.0
./models/11_mHM/post-proc/sas/get_validity_range.py,67,8,37,22,4.625,1,8.0
./models/11_mHM/post-proc/sas/plot_fun.py,123,39,57,27,1.4615,2,16.0
./models/11_mHM/post-proc/sas/plot_study_domain.py,389,228,118,43,0.5175,0,0.0
./models/11_mHM/post-proc/sas/sas_base.py,358,262,33,63,0.126,16,16.0
./models/11_mHM/post-proc/sas/__init__.py,66,9,41,16,4.5556,0,0.0
./models/11_mHM/pre-proc/asc2nc.py,379,199,142,38,0.7136,8,19.5
./models/11_mHM/pre-proc/autostring.py,434,174,190,70,1.092,2,85.5
./models/11_mHM/pre-proc/bin2nc.py,194,115,64,15,0.5565,0,0.0
./models/11_mHM/pre-proc/create_latlon.py,219,123,69,27,0.561,3,22.33
./models/11_mHM/pre-proc/create_restart_from_output.py,151,70,51,30,0.7286,0,0.0
./models/11_mHM/pre-proc/cut_mhm_input.py,142,88,31,23,0.3523,1,4.0
./models/11_mHM/pre-proc/date2dec.py,670,310,308,52,0.9935,1,306.0
./models/11_mHM/pre-proc/fread.py,555,263,257,35,0.9772,1,258.0
./models/11_mHM/pre-proc/fwrite.py,93,17,54,22,3.1765,1,13.0
./models/11_mHM/pre-proc/hargreaves_samani_PET.py,194,88,74,32,0.8409,4,7.0
./models/11_mHM/pre-proc/lif.py,169,48,93,28,1.9375,1,44.0
./models/11_mHM/pre-proc/match_grids.py,241,168,32,41,0.1905,13,10.62
./models/11_mHM/pre-proc/netcdf4.py,601,248,269,84,1.0847,33,6.61
./models/11_mHM/pre-proc/prepare_netcdf.py,77,32,25,20,0.7812,0,0.0
./models/11_mHM/pre-proc/readnetcdf.py,449,154,249,46,1.6169,4,37.25
./models/11_mHM/pre-proc/river_network.py,738,222,423,93,1.9054,8,26.88
./models/11_mHM/pre-proc/usgs2mrm.py,160,92,49,19,0.5326,0,0.0
./models/11_mHM/pre-proc/writenetcdf.py,249,84,133,32,1.5833,1,76.0
./models/11_mHM/pybind/examples/01_simple_run.py,16,9,3,4,0.3333,0,0.0
./models/11_mHM/pybind/examples/02_time_steps.py,27,18,5,4,0.2778,0,0.0
./models/11_mHM/pybind/examples/03_plot.py,51,36,10,5,0.2778,0,0.0
./models/11_mHM/pybind/examples/04_grid_info.py,26,20,1,5,0.05,0,0.0
./models/11_mHM/pybind/examples/05_spotpy_optimization.py,121,59,42,20,0.7119,5,8.6
./models/11_mHM/pybind/examples/06_meteo_coupling.py,56,41,9,6,0.2195,0,0.0
./models/11_mHM/pybind/src/mhm/cli.py,18,8,6,4,0.75,1,6.0
./models/11_mHM/pybind/src/mhm/download.py,120,83,25,12,0.3012,3,24.33
./models/11_mHM/pybind/src/mhm/tools.py,170,85,64,21,0.7529,6,14.83
./models/11_mHM/pybind/src/mhm/__init__.py,67,36,23,8,0.6389,1,5.0
./models/11_mHM/pybind/tests/test_pybind.py,108,85,10,13,0.1176,6,11.67
