file,function,type,line,cyclomatic_complexity,cc_rank,loc,loc_span,volume,difficulty,effort,time,bugs
./models/11_mHM/check/clean_mhm_checks.py,<module>,FUNCTION,1,5,A,18.0,,808.9903526973306,20.76923076923077,16802.10732525225,933.4504069584584,0.2696634508991102
./models/11_mHM/check/clean_mhm_checks.py,clean_mhm_checks.py (module aggregate),MODULE_AGG,1,0,A,,,,,,,
./models/11_mHM/check/run_mhm_checks.py,<module>,FUNCTION,1,19,C,127.0,,4716.542645100674,45.71910112359551,215636.09014510835,11979.782785839352,1.5721808817002247
./models/11_mHM/check/run_mhm_checks.py,parse_args,FUNCTION,90,1,A,76.0,89.0,1338.2215159281143,16.133333333333333,21589.97379030691,1199.442988350384,0.4460738386427048
./models/11_mHM/check/run_mhm_checks.py,tab,FUNCTION,185,1,A,3.0,3.0,43.18506523353571,4.5,194.3327935509107,10.796266308383927,0.014395021744511903
./models/11_mHM/check/run_mhm_checks.py,sep_text,FUNCTION,190,2,A,7.0,7.0,287.9190837660329,16.25,4678.685111198034,259.926950622113,0.09597302792201096
./models/11_mHM/check/run_mhm_checks.py,print_comparison,FUNCTION,199,5,A,16.0,16.0,559.3654250879811,15.899999999999999,8893.910258898899,494.10612549438326,0.1864551416959937
./models/11_mHM/check/run_mhm_checks.py,create_out_dir,FUNCTION,217,2,A,5.0,5.0,110.41329273967052,4.875,538.2648021058938,29.9036001169941,0.03680443091322351
./models/11_mHM/check/run_mhm_checks.py,get_files,FUNCTION,224,3,A,7.0,7.0,255.41209043760983,13.0,3320.357175688928,184.46428753827377,0.08513736347920328
./models/11_mHM/check/run_mhm_checks.py,compare_patterns,FUNCTION,236,3,A,40.0,40.0,1072.0883896326127,23.727272727272727,25437.733608555627,1413.2074226975349,0.3573627965442042
./models/11_mHM/check/run_mhm_checks.py,compare_files,FUNCTION,278,4,A,7.0,7.0,212.39637567217926,14.4375,3066.472673767088,170.35959298706044,0.07079879189072642
./models/11_mHM/check/run_mhm_checks.py,compare_restarts,FUNCTION,287,5,A,16.0,17.0,728.6270726280594,20.1875,14709.159028678949,817.1755015932749,0.2428756908760198
./models/11_mHM/check/run_mhm_checks.py,compare_csv_files,FUNCTION,306,1,A,5.0,5.0,203.9005206452921,7.636363636363637,1557.0585212913215,86.5032511828512,0.06796684021509736
./models/11_mHM/check/run_mhm_checks.py,compare_nc_files,FUNCTION,313,1,A,5.0,5.0,130.79881092001085,6.666666666666667,871.9920728000724,48.44400404444846,0.04359960364000362
./models/11_mHM/check/run_mhm_checks.py,compare_xarrays,FUNCTION,320,10,B,51.0,55.0,1795.1850534494606,31.5,56548.32918365801,3141.573843536556,0.5983950178164869
./models/11_mHM/check/run_mhm_checks.py,run_model,FUNCTION,432,14,C,56.0,101.0,2333.064801061542,35.368421052631575,82516.81822701874,4584.267679278819,0.777688267020514
./models/11_mHM/check/run_mhm_checks.py,Output,CLASS,380,3,A,37.0,50.0,1120.0324736102243,26.8125,30030.870698674138,1668.3817054818965,0.37334415787007474
./models/11_mHM/check/run_mhm_checks.py,Output.__init__,METHOD,391,4,A,11.0,11.0,362.2207828024285,12.666666666666666,4588.129915497428,254.89610641652376,0.12074026093414283
./models/11_mHM/check/run_mhm_checks.py,Output.close,METHOD,403,1,A,5.0,5.0,88.81055323538621,4.714285714285714,418.6783223953921,23.259906799744005,0.029603517745128736
./models/11_mHM/check/run_mhm_checks.py,Output.write,METHOD,409,3,A,10.0,10.0,284.98440323159184,11.153846153846153,3178.6721898908318,176.59289943837953,0.09499480107719728
./models/11_mHM/check/run_mhm_checks.py,Output.flush,METHOD,420,2,A,5.0,5.0,96.21143267166839,4.714285714285714,453.5681825950081,25.19823236638934,0.032070477557222796
./models/11_mHM/check/run_mhm_checks.py,Output.__del__,METHOD,426,2,A,4.0,4.0,58.81033751683405,4.199999999999999,247.003417570703,13.722412087261278,0.019603445838944685
./models/11_mHM/check/run_mhm_checks.py,Output (aggregate),CLASS_AGG,391,12,C,,,,,,,
./models/11_mHM/check/run_mhm_checks.py,run_mhm_checks.py (module aggregate),MODULE_AGG,1,64,F,,,,,,,
./models/11_mHM/post-proc/bankfull_discharge.py,<module>,FUNCTION,1,2,A,13.0,,436.39810378076373,6.833333333333334,2982.0537091685524,165.66965050936403,0.14546603459358792
./models/11_mHM/post-proc/bankfull_discharge.py,find_nearest_idx,FUNCTION,22,1,A,2.0,2.0,87.56916320732489,5.333333333333333,467.0355371057327,25.946418728096262,0.029189721069108297
./models/11_mHM/post-proc/bankfull_discharge.py,find_nearest,FUNCTION,24,1,A,2.0,2.0,64.5293250129808,7.0,451.70527509086565,25.09473750504809,0.021509775004326936
./models/11_mHM/post-proc/bankfull_discharge.py,get_cmdline_args,FUNCTION,28,2,A,26.0,26.0,620.0,12.130434782608695,7520.869565217391,417.82608695652175,0.20666666666666667
./models/11_mHM/post-proc/bankfull_discharge.py,read_discharge,FUNCTION,56,2,A,13.0,25.0,374.9736839204931,13.5,5062.144732926657,281.2302629403698,0.1249912279734977
./models/11_mHM/post-proc/bankfull_discharge.py,write_Q_bkfl,FUNCTION,82,2,A,15.0,26.0,823.9246196106428,14.462962962962964,11916.391257702075,662.0217365390041,0.2746415398702143
./models/11_mHM/post-proc/bankfull_discharge.py,set_nc_attrs,FUNCTION,109,1,A,7.0,7.0,242.22721692772816,16.571428571428573,4014.0510233737814,223.00283463187674,0.08074240564257605
./models/11_mHM/post-proc/bankfull_discharge.py,calc_monthly_means,FUNCTION,118,1,A,7.0,13.0,336.51484454403226,10.875,3659.598934416351,203.31105191201948,0.11217161484801075
./models/11_mHM/post-proc/bankfull_discharge.py,calc_Q_bkfl,FUNCTION,132,1,A,6.0,18.0,271.02858762331766,10.0,2710.2858762331766,150.57143756850982,0.09034286254110589
./models/11_mHM/post-proc/bankfull_discharge.py,process_grid,FUNCTION,151,4,A,8.0,14.0,446.9342515517366,15.03125,6717.980468637041,373.22113714650226,0.14897808385057887
./models/11_mHM/post-proc/bankfull_discharge.py,bankfull_discharge.py (module aggregate),MODULE_AGG,1,15,C,,,,,,,
./models/11_mHM/post-proc/date2dec.py,<module>,FUNCTION,1,2,A,5.0,,108.04820237218406,6.0,648.2892142331044,36.01606745739469,0.03601606745739469
./models/11_mHM/post-proc/date2dec.py,date2dec,FUNCTION,5,111,F,306.0,628.0,23910.912866850387,235.5,5631019.980143266,312834.44334129256,7.970304288950129
./models/11_mHM/post-proc/date2dec.py,date2dec.py (module aggregate),MODULE_AGG,1,111,F,,,,,,,
./models/11_mHM/post-proc/format_doxygen_docs_in_f90.py,<module>,FUNCTION,1,6,B,33.0,,1039.516531048311,17.0,17671.781027821286,981.7656126567381,0.346505510349437
./models/11_mHM/post-proc/format_doxygen_docs_in_f90.py,get_all_subfiles,FUNCTION,32,6,B,6.0,6.0,246.1243780580604,15.0,3691.865670870906,205.103648381717,0.0820414593526868
./models/11_mHM/post-proc/format_doxygen_docs_in_f90.py,check_for_line_to_ignore,FUNCTION,39,2,A,2.0,2.0,95.1838730514401,6.0,571.1032383086406,31.727957683813365,0.03172795768381337
./models/11_mHM/post-proc/format_doxygen_docs_in_f90.py,Doc,CLASS,43,11,C,163.0,182.0,10171.0,92.25999999999999,938376.46,52132.025555555556,3.3903333333333334
./models/11_mHM/post-proc/format_doxygen_docs_in_f90.py,Doc.__init__,METHOD,56,1,A,18.0,20.0,485.0,13.095238095238095,6351.190476190476,352.84391534391534,0.16166666666666665
./models/11_mHM/post-proc/format_doxygen_docs_in_f90.py,Doc.parse_doc,METHOD,77,12,C,22.0,24.0,1273.3714501644235,26.048387096774192,33169.27245186361,1842.7373584368672,0.42445715005480783
./models/11_mHM/post-proc/format_doxygen_docs_in_f90.py,Doc.doc_to_str,METHOD,102,29,D,80.0,88.0,4825.904849529622,66.7,321887.8534636258,17882.65852575699,1.6086349498432073
./models/11_mHM/post-proc/format_doxygen_docs_in_f90.py,Doc.parse_modifications,METHOD,191,5,A,13.0,14.0,708.4856577255372,21.714285714285715,15384.25999632595,854.6811109069972,0.2361618859085124
./models/11_mHM/post-proc/format_doxygen_docs_in_f90.py,Doc.set_file_doc_attr,METHOD,206,5,A,18.0,19.0,774.5217355586899,28.210526315789473,21849.665803129355,1213.8703223960754,0.2581739118528966
./models/11_mHM/post-proc/format_doxygen_docs_in_f90.py,FortranFile,CLASS,227,5,A,140.0,169.0,7734.831496034487,77.43103448275862,598916.0042877737,33273.11134932077,2.578277165344829
./models/11_mHM/post-proc/format_doxygen_docs_in_f90.py,FortranFile.__init__,METHOD,233,1,A,18.0,21.0,490.0,10.17391304347826,4985.217391304347,276.9565217391304,0.16333333333333333
./models/11_mHM/post-proc/format_doxygen_docs_in_f90.py,FortranFile.read,METHOD,255,12,C,27.0,28.0,1174.2236931854557,28.181818181818183,33091.75862613557,1838.4310347853093,0.3914078977284852
./models/11_mHM/post-proc/format_doxygen_docs_in_f90.py,FortranFile.write,METHOD,284,3,A,9.0,9.0,347.1067876579332,12.400000000000002,4304.124166958372,239.11800927546514,0.11570226255264439
./models/11_mHM/post-proc/format_doxygen_docs_in_f90.py,FortranFile._check_status,METHOD,294,8,B,18.0,18.0,408.6593447001757,12.0,4903.912136402108,272.43956313345046,0.13621978156672523
./models/11_mHM/post-proc/format_doxygen_docs_in_f90.py,FortranFile._check_for_file_doc,METHOD,313,3,A,5.0,6.0,284.5996545452941,8.666666666666666,2466.5303393925483,137.029463299586,0.09486655151509803
./models/11_mHM/post-proc/format_doxygen_docs_in_f90.py,FortranFile._check_for_routine,METHOD,320,5,A,10.0,12.0,620.643245050341,17.333333333333336,10757.816247539246,597.6564581966247,0.206881081683447
./models/11_mHM/post-proc/format_doxygen_docs_in_f90.py,FortranFile._check_for_line_continuation,METHOD,334,3,A,6.0,6.0,210.90827503317317,8.461538461538462,1784.608481049927,99.14491561388483,0.07030275834439105
./models/11_mHM/post-proc/format_doxygen_docs_in_f90.py,FortranFile._check_for_doc,METHOD,341,3,A,3.0,4.0,178.41295556463058,7.6499999999999995,1364.8591100694239,75.825506114968,0.059470985188210194
./models/11_mHM/post-proc/format_doxygen_docs_in_f90.py,FortranFile._check_for_code,METHOD,346,7,B,9.0,10.0,438.86228838418543,12.674999999999999,5562.57950526955,309.03219473719724,0.14628742946139514
./models/11_mHM/post-proc/format_doxygen_docs_in_f90.py,FortranFile._check_for_code_end,METHOD,357,3,A,3.0,4.0,252.61501174663374,8.53125,2155.121818963469,119.72898994241496,0.08420500391554459
./models/11_mHM/post-proc/format_doxygen_docs_in_f90.py,FortranFile._parse_doc,METHOD,362,2,A,4.0,5.0,128.0,7.5,960.0,53.333333333333336,0.042666666666666665
./models/11_mHM/post-proc/format_doxygen_docs_in_f90.py,FortranFile._parse_file_doc,METHOD,368,1,A,2.0,3.0,46.50699332842307,4.5,209.2814699779038,11.626748332105768,0.015502331109474358
./models/11_mHM/post-proc/format_doxygen_docs_in_f90.py,FortranFile._parse_routine,METHOD,372,5,A,13.0,14.0,456.6502135419918,9.9,4520.837114065719,251.1576174480955,0.15221673784733059
./models/11_mHM/post-proc/format_doxygen_docs_in_f90.py,FortranFile._check_for_flag,METHOD,387,4,A,9.0,9.0,389.0263282209031,20.8,8091.747626994785,449.5415348330436,0.12967544274030104
./models/11_mHM/post-proc/format_doxygen_docs_in_f90.py,Routine,CLASS,398,7,B,221.0,260.0,14184.194143809096,99.96747967479675,1417958.1397746068,78775.45220970038,4.728064714603032
./models/11_mHM/post-proc/format_doxygen_docs_in_f90.py,Routine.__init__,METHOD,401,1,A,13.0,13.0,352.93307042287904,9.5625,3374.9224859187807,187.49569366215448,0.11764435680762635
./models/11_mHM/post-proc/format_doxygen_docs_in_f90.py,Routine.parse_line,METHOD,415,16,C,38.0,43.0,1972.5023747549726,43.38461538461539,85576.25687398497,4754.2364929991645,0.6575007915849909
./models/11_mHM/post-proc/format_doxygen_docs_in_f90.py,Routine._parse_body,METHOD,459,16,C,41.0,48.0,2880.0,45.45454545454546,130909.09090909093,7272.727272727274,0.96
./models/11_mHM/post-proc/format_doxygen_docs_in_f90.py,Routine.to_str,METHOD,509,1,A,11.0,12.0,456.46920020769295,14.11764705882353,6444.271061755666,358.01505898642586,0.15215640006923098
./models/11_mHM/post-proc/format_doxygen_docs_in_f90.py,Routine._args_to_str,METHOD,522,6,B,18.0,19.0,641.0707001788467,32.970588235294116,21136.478085308445,1174.2487825171359,0.21369023339294888
./models/11_mHM/post-proc/format_doxygen_docs_in_f90.py,Routine._use_to_str,METHOD,542,10,B,42.0,51.0,2110.1422272133964,66.125,139533.15477448583,7751.841931915879,0.7033807424044655
./models/11_mHM/post-proc/format_doxygen_docs_in_f90.py,Routine._variables_to_str,METHOD,594,5,A,18.0,19.0,801.8105520641325,20.035714285714285,16064.847132427796,892.4915073570997,0.2672701840213775
./models/11_mHM/post-proc/format_doxygen_docs_in_f90.py,Routine._implicit_to_str,METHOD,614,2,A,4.0,4.0,135.93368043019473,7.777777777777778,1057.2619589015146,58.73677549452859,0.04531122681006491
./models/11_mHM/post-proc/format_doxygen_docs_in_f90.py,Routine.update_doc,METHOD,619,7,B,12.0,14.0,615.2210751716351,17.181818181818183,10570.616655221731,587.2564808456517,0.20507369172387838
./models/11_mHM/post-proc/format_doxygen_docs_in_f90.py,Routine._get_args_attr,METHOD,634,6,B,8.0,9.0,376.0351774512873,20.454545454545453,7691.628629685422,427.3127016491901,0.1253450591504291
./models/11_mHM/post-proc/format_doxygen_docs_in_f90.py,Routine._flag_to_str,METHOD,644,4,A,9.0,9.0,215.22355371615927,14.625,3147.644473098829,174.8691373943794,0.07174118457205308
./models/11_mHM/post-proc/format_doxygen_docs_in_f90.py,Routine._imports_to_str,METHOD,654,3,A,4.0,4.0,182.83669636412918,14.875,2719.6958584164217,151.0942143564679,0.06094556545470973
./models/11_mHM/post-proc/format_doxygen_docs_in_f90.py,ArgumentAttributes,CLASS,660,4,A,42.0,48.0,2117.339075141801,40.0,84693.56300567204,4705.197944759558,0.7057796917139336
./models/11_mHM/post-proc/format_doxygen_docs_in_f90.py,ArgumentAttributes.__init__,METHOD,661,8,B,24.0,27.0,1303.8723832474038,33.300000000000004,43418.95036213855,2412.1639090076974,0.4346241277491346
./models/11_mHM/post-proc/format_doxygen_docs_in_f90.py,ArgumentAttributes.append_str,METHOD,689,1,A,2.0,2.0,72.33974351909448,5.333333333333333,385.8119654351706,21.433998079731698,0.024113247839698163
./models/11_mHM/post-proc/format_doxygen_docs_in_f90.py,ArgumentAttributes.intent_optional_key,METHOD,693,1,A,5.0,5.0,126.71134807876051,8.571428571428571,1086.0972692465186,60.338737180362145,0.042237116026253504
./models/11_mHM/post-proc/format_doxygen_docs_in_f90.py,ArgumentAttributes.doxygen_string,METHOD,700,3,A,8.0,8.0,275.7834751254812,11.607142857142858,3201.058193420764,177.83656630115354,0.09192782504182706
./models/11_mHM/post-proc/format_doxygen_docs_in_f90.py,Modification,CLASS,709,2,A,8.0,9.0,236.34987578777677,10.0,2363.4987578777677,131.30548654876486,0.07878329192925893
./models/11_mHM/post-proc/format_doxygen_docs_in_f90.py,Modification.__init__,METHOD,710,1,A,4.0,4.0,121.83535750584333,8.0,974.6828600467467,54.149047780374815,0.04061178583528111
./models/11_mHM/post-proc/format_doxygen_docs_in_f90.py,Modification.editor_length,METHOD,716,1,A,2.0,2.0,43.18506523353571,3.75,161.9439946257589,8.996888590319939,0.014395021744511903
./models/11_mHM/post-proc/format_doxygen_docs_in_f90.py,TestFortranFile,CLASS,719,3,A,41.0,46.0,1087.583056937471,26.25,28549.05524460861,1586.0586247004785,0.36252768564582366
./models/11_mHM/post-proc/format_doxygen_docs_in_f90.py,TestFortranFile.fortran_file,METHOD,721,1,A,2.0,2.0,30.0,2.5,75.0,4.166666666666667,0.01
./models/11_mHM/post-proc/format_doxygen_docs_in_f90.py,TestFortranFile.test_check_for_file_doc,METHOD,724,3,A,5.0,5.0,142.62362713128297,9.166666666666668,1307.3832487034274,72.63240270574596,0.04754120904376099
./models/11_mHM/post-proc/format_doxygen_docs_in_f90.py,TestFortranFile.test_check_for_routine,METHOD,731,3,A,9.0,9.0,159.91133951083242,10.38888888888889,1661.3011382514258,92.29450768063477,0.05330377983694414
./models/11_mHM/post-proc/format_doxygen_docs_in_f90.py,TestFortranFile.test_check_for_doc,METHOD,742,3,A,7.0,7.0,142.62362713128297,9.166666666666668,1307.3832487034274,72.63240270574596,0.04754120904376099
./models/11_mHM/post-proc/format_doxygen_docs_in_f90.py,TestFortranFile.test_check_for_code,METHOD,751,3,A,6.0,6.0,133.97977094150824,8.555555555555555,1146.2713736106816,63.681742978371204,0.04465992364716941
./models/11_mHM/post-proc/format_doxygen_docs_in_f90.py,TestFortranFile.test_check_for_code_end,METHOD,759,3,A,6.0,6.0,142.62362713128297,9.166666666666668,1307.3832487034274,72.63240270574596,0.04754120904376099
./models/11_mHM/post-proc/format_doxygen_docs_in_f90.py,Doc (aggregate),CLASS_AGG,56,52,F,,,,,,,
./models/11_mHM/post-proc/format_doxygen_docs_in_f90.py,FortranFile (aggregate),CLASS_AGG,233,60,F,,,,,,,
./models/11_mHM/post-proc/format_doxygen_docs_in_f90.py,Routine (aggregate),CLASS_AGG,401,77,F,,,,,,,
./models/11_mHM/post-proc/format_doxygen_docs_in_f90.py,ArgumentAttributes (aggregate),CLASS_AGG,661,13,C,,,,,,,
./models/11_mHM/post-proc/format_doxygen_docs_in_f90.py,Modification (aggregate),CLASS_AGG,710,2,A,,,,,,,
./models/11_mHM/post-proc/format_doxygen_docs_in_f90.py,TestFortranFile (aggregate),CLASS_AGG,721,16,C,,,,,,,
./models/11_mHM/post-proc/format_doxygen_docs_in_f90.py,format_doxygen_docs_in_f90.py (module aggregate),MODULE_AGG,1,228,F,,,,,,,
./models/11_mHM/post-proc/fread.py,<module>,FUNCTION,1,2,A,6.0,,129.32351694048162,6.5,840.6028601131305,46.70015889517392,0.04310783898016054
./models/11_mHM/post-proc/fread.py,fread,FUNCTION,6,83,F,258.0,545.0,10953.034069590685,168.72,1847995.9082213405,102666.43934563003,3.6510113565302285
./models/11_mHM/post-proc/fread.py,fread.py (module aggregate),MODULE_AGG,1,83,F,,,,,,,
./models/11_mHM/post-proc/lif.py,<module>,FUNCTION,1,2,A,5.0,,95.90827503317318,5.5,527.4955126824525,29.30530626013625,0.03196942501105773
./models/11_mHM/post-proc/lif.py,lif,FUNCTION,5,20,C,44.0,155.0,1594.1038380992807,61.38461538461539,97853.45098486354,5436.302832492419,0.5313679460330936
./models/11_mHM/post-proc/lif.py,lif.py (module aggregate),MODULE_AGG,1,20,C,,,,,,,
./models/11_mHM/post-proc/mhm.py,<module>,FUNCTION,1,1,A,3.0,,36.0,1.7999999999999998,64.8,3.5999999999999996,0.012
./models/11_mHM/post-proc/mhm.py,MHM,CLASS,6,8,B,282.0,425.0,22020.70986220125,131.7340425531915,2900877.130038703,161159.84055770573,7.34023662073375
./models/11_mHM/post-proc/mhm.py,MHM.__init__,METHOD,65,31,E,91.0,117.0,6777.857891973619,98.7843137254902,669546.0403875116,37197.00224375064,2.259285963991206
./models/11_mHM/post-proc/mhm.py,MHM.import_data,METHOD,185,12,C,36.0,36.0,1680.2256254687516,48.04545454545455,80727.20391456684,4484.84466192038,0.5600752084895838
./models/11_mHM/post-proc/mhm.py,MHM.import_lat_lon,METHOD,222,1,A,2.0,2.0,68.11428751370197,5.6000000000000005,381.440010076731,21.1911116709295,0.022704762504567322
./models/11_mHM/post-proc/mhm.py,MHM.import_precipitation,METHOD,225,1,A,3.0,3.0,114.6940428629768,8.25,946.2258536195586,52.56810297886437,0.03823134762099227
./models/11_mHM/post-proc/mhm.py,MHM.import_states_and_fluxes,METHOD,229,5,A,20.0,26.0,1080.967460490185,28.333333333333336,30627.411380555244,1701.5228544752913,0.3603224868300617
./models/11_mHM/post-proc/mhm.py,MHM.import_L0_data,METHOD,256,2,A,8.0,12.0,488.39643276003255,12.38095238095238,6046.812977028973,335.9340542793874,0.16279881092001086
./models/11_mHM/post-proc/mhm.py,MHM.import_restart_file,METHOD,271,3,A,6.0,8.0,356.702134347855,11.194444444444445,3993.0822261718213,221.83790145399007,0.118900711449285
./models/11_mHM/post-proc/mhm.py,MHM.upscale_data,METHOD,282,1,A,3.0,3.0,155.32358796751288,7.555555555555555,1173.555997976764,65.19755544315356,0.051774529322504294
./models/11_mHM/post-proc/mhm.py,MHM.upscale_L1_data,METHOD,286,8,B,26.0,31.0,1622.6511449492953,45.74999999999999,74236.28988143025,4124.238326746125,0.5408837149830984
./models/11_mHM/post-proc/mhm.py,MHM.downscale_data,METHOD,318,3,A,9.0,13.0,682.1946412536805,15.391304347826086,10499.86534799143,583.3258526661906,0.22739821375122685
./models/11_mHM/post-proc/mhm.py,MHM.flow_dir,METHOD,337,8,B,28.0,34.0,1815.1761094308786,33.25,60354.605638576715,3353.0336465875953,0.6050587031436262
./models/11_mHM/post-proc/mhm.py,MHM.get_flow_path,METHOD,373,11,C,38.0,43.0,1321.6312592719148,70.2,92778.51440088842,5154.361911160468,0.44054375309063826
./models/11_mHM/post-proc/mhm.py,MHM.combine_variables,METHOD,419,6,B,10.0,12.0,470.4631751312504,16.0,7527.410802100007,418.1894890055559,0.15682105837708346
./models/11_mHM/post-proc/mhm.py,MHM (aggregate),CLASS_AGG,65,92,F,,,,,,,
./models/11_mHM/post-proc/mhm.py,mhm.py (module aggregate),MODULE_AGG,1,92,F,,,,,,,
./models/11_mHM/post-proc/mhm_cell.py,<module>,FUNCTION,1,1,A,3.0,,50.718800023076994,2.8,142.01264006461557,7.889591114700865,0.016906266674359
./models/11_mHM/post-proc/mhm_cell.py,get_nearest_value,FUNCTION,87,1,A,4.0,6.0,135.93368043019473,8.9375,1214.9072688448655,67.49484826915919,0.04531122681006491
./models/11_mHM/post-proc/mhm_cell.py,get_nearest_index,FUNCTION,94,1,A,3.0,5.0,104.0,6.428571428571429,668.5714285714286,37.14285714285714,0.034666666666666665
./models/11_mHM/post-proc/mhm_cell.py,MHM_Cell,CLASS,6,3,A,32.0,67.0,2390.0871470378434,40.714285714285715,97310.69098654077,5406.149499252265,0.7966957156792811
./models/11_mHM/post-proc/mhm_cell.py,MHM_Cell.__init__,METHOD,8,1,A,13.0,16.0,1002.9654502798086,17.115384615384613,17166.139437481335,953.6744131934075,0.3343218167599362
./models/11_mHM/post-proc/mhm_cell.py,MHM_Cell.get_p_Q_root,METHOD,25,3,A,5.0,5.0,109.39293667703852,8.25,902.4917275855678,50.13842931030932,0.03646431222567951
./models/11_mHM/post-proc/mhm_cell.py,MHM_Cell.get_p_Q_root_forward,METHOD,31,2,A,7.0,10.0,417.78636558097116,18.2,7603.7118535736745,422.4284363096486,0.13926212186032372
./models/11_mHM/post-proc/mhm_cell.py,MHM_Cell.get_p_Q_root_backward,METHOD,64,2,A,6.0,9.0,436.71326300915814,19.5,8515.908628678584,473.106034926588,0.14557108766971938
./models/11_mHM/post-proc/mhm_cell.py,MHM_Cell (aggregate),CLASS_AGG,8,8,B,,,,,,,
./models/11_mHM/post-proc/mhm_cell.py,mhm_cell.py (module aggregate),MODULE_AGG,1,10,B,,,,,,,
./models/11_mHM/post-proc/netcdf4.py,<module>,FUNCTION,1,1,A,5.0,,153.73110979725664,2.65625,408.34826039896296,22.686014466609052,0.05124370326575221
./models/11_mHM/post-proc/netcdf4.py,_tupelize,FUNCTION,23,3,A,7.0,7.0,132.83428025068963,7.5,996.2571018801723,55.347616771120684,0.04427809341689654
./models/11_mHM/post-proc/netcdf4.py,copyGroup,FUNCTION,32,1,A,12.0,39.0,568.6917501586544,7.714285714285714,4387.050644081048,243.72503578228043,0.18956391671955145
./models/11_mHM/post-proc/netcdf4.py,copyDataset,FUNCTION,73,1,A,11.0,39.0,504.4394119358453,7.84,3954.8049895770273,219.71138830983486,0.16814647064528176
./models/11_mHM/post-proc/netcdf4.py,copyGroups,FUNCTION,114,3,A,5.0,23.0,169.4584015082173,8.0,1355.6672120657383,75.31484511476324,0.05648613383607243
./models/11_mHM/post-proc/netcdf4.py,copyDimension,FUNCTION,139,5,A,9.0,25.0,310.0,13.0,4030.0,223.88888888888889,0.10333333333333333
./models/11_mHM/post-proc/netcdf4.py,copyDimensions,FUNCTION,166,3,A,5.0,25.0,253.82374477961895,8.8,2233.6489540606467,124.09160855892482,0.08460791492653964
./models/11_mHM/post-proc/netcdf4.py,copyAttributes,FUNCTION,193,5,A,10.0,28.0,296.3368407027819,13.392857142857144,3968.796973697972,220.48872076099846,0.0987789469009273
./models/11_mHM/post-proc/netcdf4.py,copyVariable,FUNCTION,223,11,C,28.0,52.0,1088.3048863670078,25.757575757575758,28032.095557938082,1557.3386421076711,0.3627682954556693
./models/11_mHM/post-proc/netcdf4.py,copyVariables,FUNCTION,277,4,A,7.0,31.0,353.2961228838133,10.666666666666666,3768.491977427342,209.3606654126301,0.11776537429460444
./models/11_mHM/post-proc/netcdf4.py,createDimensions,FUNCTION,310,2,A,3.0,3.0,145.94737505048093,7.5,1094.605312878607,60.811406271033725,0.04864912501682698
./models/11_mHM/post-proc/netcdf4.py,getVariableDefinition,FUNCTION,315,3,A,10.0,10.0,380.73561716942845,13.714285714285714,5221.517035466447,290.08427974813594,0.12691187238980947
./models/11_mHM/post-proc/netcdf4.py,getDates,FUNCTION,327,8,B,22.0,47.0,510.28221996984814,22.933333333333334,11702.472244641851,650.1373469245473,0.17009407332328272
./models/11_mHM/post-proc/netcdf4.py,setFillValue,FUNCTION,376,1,A,3.0,16.0,58.81033751683405,4.800000000000001,282.2896200808035,15.682756671155751,0.019603445838944685
./models/11_mHM/post-proc/netcdf4.py,getFillValue,FUNCTION,394,2,A,6.0,19.0,79.9544533632097,5.333333333333333,426.4237512704517,23.690208403913985,0.02665148445440323
./models/11_mHM/post-proc/netcdf4.py,setAttribute,FUNCTION,415,1,A,3.0,18.0,68.11428751370197,4.5,306.51429381165883,17.028571878425492,0.022704762504567322
./models/11_mHM/post-proc/netcdf4.py,setAttributes,FUNCTION,435,1,A,3.0,19.0,51.89147427955946,4.199999999999999,217.9441919741497,12.10801066523054,0.017297158093186486
./models/11_mHM/post-proc/netcdf4.py,filterVariables,FUNCTION,456,6,B,12.0,32.0,437.52180434752916,19.6875,8613.71052309198,478.53947350511004,0.14584060144917638
./models/11_mHM/post-proc/netcdf4.py,filterDimensions,FUNCTION,490,4,A,8.0,23.0,252.0090376146638,12.5,3150.1129701832974,175.0062761212943,0.08400301253822128
./models/11_mHM/post-proc/netcdf4.py,getGroups,FUNCTION,516,2,A,5.0,5.0,220.0782000346155,10.0,2200.7820003461547,122.26566668589749,0.0733594000115385
./models/11_mHM/post-proc/netcdf4.py,getVariables,FUNCTION,523,2,A,7.0,7.0,263.22462421590114,10.285714285714285,2707.453277649269,150.41407098051494,0.08774154140530038
./models/11_mHM/post-proc/netcdf4.py,getDimensions,FUNCTION,532,2,A,5.0,6.0,220.0782000346155,10.0,2200.7820003461547,122.26566668589749,0.0733594000115385
./models/11_mHM/post-proc/netcdf4.py,getAttributes,FUNCTION,540,3,A,6.0,6.0,180.0850143339292,10.666666666666666,1920.9068195619113,106.7170455312173,0.06002833811130973
./models/11_mHM/post-proc/netcdf4.py,getParent,FUNCTION,548,1,A,2.0,2.0,31.69925001442312,4.0,126.79700005769249,7.044277780982916,0.010566416671474373
./models/11_mHM/post-proc/netcdf4.py,attributeSetter,FUNCTION,552,1,A,2.0,2.0,68.53238859703687,7.2,493.43319789866547,27.41295543881475,0.022844129532345624
./models/11_mHM/post-proc/netcdf4.py,attributeGetter,FUNCTION,556,3,A,9.0,9.0,235.22522171496468,10.909090909090908,2566.0933277996146,142.56074043331193,0.07840840723832156
./models/11_mHM/post-proc/netcdf4.py,createGroup,FUNCTION,567,1,A,4.0,4.0,104.0,10.0,1040.0,57.77777777777778,0.034666666666666665
./models/11_mHM/post-proc/netcdf4.py,createVariable,FUNCTION,572,1,A,4.0,4.0,155.58941141594505,11.25,1750.380878429382,97.24338213496566,0.05186313713864835
./models/11_mHM/post-proc/netcdf4.py,createDimension,FUNCTION,577,3,A,9.0,9.0,243.00301253822127,16.099999999999998,3912.348501865362,217.35269454807565,0.08100100417940709
./models/11_mHM/post-proc/netcdf4.py,NcDataset,CLASS,588,4,A,54.0,68.0,1768.98450810083,17.375,30736.105828251923,1707.5614349028847,0.5896615027002766
./models/11_mHM/post-proc/netcdf4.py,NcDataset.__init__,METHOD,589,5,A,30.0,34.0,991.1471208543455,17.17241379310345,17020.388489153935,945.5771382863297,0.3303823736181152
./models/11_mHM/post-proc/netcdf4.py,NcDataset.tofile,METHOD,624,1,A,3.0,4.0,116.75790004038474,6.0,700.5474002423084,38.91930001346158,0.03891930001346158
./models/11_mHM/post-proc/netcdf4.py,NcGroup,CLASS,658,5,A,29.0,31.0,1117.7021793787499,14.31111111111111,15995.560078220331,888.6422265677961,0.37256739312625
./models/11_mHM/post-proc/netcdf4.py,NcGroup.__init__,METHOD,659,4,A,8.0,8.0,553.8098334445432,18.6875,10349.321262494901,574.9622923608279,0.18460327781484773
./models/11_mHM/post-proc/netcdf4.py,NcVariable,CLASS,691,2,A,12.0,14.0,440.82591112926116,7.142857142857143,3148.756508066151,174.93091711478618,0.14694197037642037
./models/11_mHM/post-proc/netcdf4.py,NcVariable.__init__,METHOD,692,1,A,2.0,2.0,102.79858289555531,6.666666666666667,685.3238859703688,38.07354922057604,0.03426619429851844
./models/11_mHM/post-proc/netcdf4.py,NcDimension,CLASS,708,2,A,4.0,5.0,180.0850143339292,7.272727272727273,1309.7091951558489,72.76162195310272,0.06002833811130973
./models/11_mHM/post-proc/netcdf4.py,NcDimension.__init__,METHOD,709,1,A,2.0,2.0,102.79858289555531,6.666666666666667,685.3238859703688,38.07354922057604,0.03426619429851844
./models/11_mHM/post-proc/netcdf4.py,NcDataset (aggregate),CLASS_AGG,589,6,B,,,,,,,
./models/11_mHM/post-proc/netcdf4.py,NcGroup (aggregate),CLASS_AGG,659,4,A,,,,,,,
./models/11_mHM/post-proc/netcdf4.py,NcVariable (aggregate),CLASS_AGG,692,1,A,,,,,,,
./models/11_mHM/post-proc/netcdf4.py,NcDimension (aggregate),CLASS_AGG,709,1,A,,,,,,,
./models/11_mHM/post-proc/netcdf4.py,netcdf4.py (module aggregate),MODULE_AGG,1,95,F,,,,,,,
./models/11_mHM/post-proc/plotting_Q.py,<module>,FUNCTION,1,8,B,134.0,,8222.377053709506,41.98287671232877,345199.04212816723,19177.724562675958,2.740792351236502
./models/11_mHM/post-proc/plotting_Q.py,plotting_Q.py (module aggregate),MODULE_AGG,1,0,A,,,,,,,
./models/11_mHM/post-proc/prob_forecast.py,<module>,FUNCTION,1,4,A,23.0,,1110.4954319744015,19.071428571428573,21178.734309797517,1176.5963505443065,0.37016514399146716
./models/11_mHM/post-proc/prob_forecast.py,parser,FUNCTION,48,1,A,26.0,64.0,907.7747601875759,17.09090909090909,15514.69590138766,861.9275500770923,0.30259158672919195
./models/11_mHM/post-proc/prob_forecast.py,read_data,FUNCTION,114,4,A,13.0,16.0,498.5713584425332,19.0,9472.855810408131,526.2697672448962,0.16619045281417774
./models/11_mHM/post-proc/prob_forecast.py,boxcox_inv,FUNCTION,132,2,A,4.0,6.0,155.58941141594505,15.166666666666666,2359.7727398085,131.09848554491666,0.05186313713864835
./models/11_mHM/post-proc/prob_forecast.py,calculate_param,FUNCTION,140,1,A,11.0,14.0,595.0,15.600000000000001,9282.0,515.6666666666666,0.19833333333333333
./models/11_mHM/post-proc/prob_forecast.py,sample_forecasts,FUNCTION,156,3,A,10.0,12.0,614.0075190728994,17.282608695652176,10611.65168832511,589.5362049069505,0.2046691730242998
./models/11_mHM/post-proc/prob_forecast.py,write_file,FUNCTION,170,1,A,18.0,22.0,921.4805137319587,17.386363636363637,16021.19529556701,890.0664053092783,0.30716017124398626
./models/11_mHM/post-proc/prob_forecast.py,prob_forecast.py (module aggregate),MODULE_AGG,1,12,C,,,,,,,
./models/11_mHM/post-proc/readnetcdf.py,<module>,FUNCTION,1,3,A,9.0,,183.31714900750256,8.5,1558.1957665637717,86.5664314757651,0.06110571633583419
./models/11_mHM/post-proc/readnetcdf.py,readnetcdf,FUNCTION,5,53,F,140.0,304.0,5548.651760409439,87.98305084745762,488187.3099709389,27121.517220607715,1.8495505868031463
./models/11_mHM/post-proc/readnetcdf.py,netcdfread,FUNCTION,311,1,A,3.0,42.0,74.00879436282185,5.6,414.4492484318023,23.024958246211238,0.024669598120940616
./models/11_mHM/post-proc/readnetcdf.py,ncread,FUNCTION,355,1,A,3.0,42.0,74.00879436282185,5.6,414.4492484318023,23.024958246211238,0.024669598120940616
./models/11_mHM/post-proc/readnetcdf.py,readnc,FUNCTION,399,1,A,3.0,42.0,74.00879436282185,5.6,414.4492484318023,23.024958246211238,0.024669598120940616
./models/11_mHM/post-proc/readnetcdf.py,readnetcdf.py (module aggregate),MODULE_AGG,1,56,F,,,,,,,
./models/11_mHM/post-proc/test_mhm_sas_class.py,<module>,FUNCTION,1,1,A,14.0,,427.7400143508394,14.0625,6015.093951808679,334.1718862115933,0.14258000478361313
./models/11_mHM/post-proc/test_mhm_sas_class.py,test_mhm_sas_class.py (module aggregate),MODULE_AGG,1,0,A,,,,,,,
./models/11_mHM/post-proc/__init__.py,<module>,FUNCTION,1,1,A,5.0,,59.79470570797252,2.357142857142857,140.94466345450667,7.830259080805926,0.01993156856932417
./models/11_mHM/post-proc/__init__.py,__init__.py (module aggregate),MODULE_AGG,1,0,A,,,,,,,
./models/11_mHM/post-proc/sas/aux_fun.py,<module>,FUNCTION,1,1,A,3.0,,36.0,2.0,72.0,4.0,0.012
./models/11_mHM/post-proc/sas/aux_fun.py,get_nearest_value,FUNCTION,88,1,A,4.0,6.0,135.93368043019473,8.9375,1214.9072688448655,67.49484826915919,0.04531122681006491
./models/11_mHM/post-proc/sas/aux_fun.py,get_nearest_index,FUNCTION,95,1,A,3.0,5.0,104.0,6.428571428571429,668.5714285714286,37.14285714285714,0.034666666666666665
./models/11_mHM/post-proc/sas/aux_fun.py,write_data,FUNCTION,102,3,A,14.0,27.0,450.8318642452056,13.894736842105264,6264.190113722857,348.01056187349207,0.1502772880817352
./models/11_mHM/post-proc/sas/aux_fun.py,MapPoint,CLASS,6,2,A,36.0,54.0,3060.3707528458626,37.269230769230774,114057.66382721697,6336.536879289832,1.0201235842819543
./models/11_mHM/post-proc/sas/aux_fun.py,MapPoint.__init__,METHOD,8,1,A,7.0,8.0,473.6733313570219,15.333333333333334,7262.991080807669,403.499504489315,0.15789111045234064
./models/11_mHM/post-proc/sas/aux_fun.py,MapPoint.set_soil_moisture,METHOD,17,1,A,2.0,3.0,93.76537429460444,7.5,703.2403072095333,39.06890595608518,0.03125512476486815
./models/11_mHM/post-proc/sas/aux_fun.py,MapPoint.set_ET,METHOD,21,1,A,2.0,3.0,93.76537429460444,7.5,703.2403072095333,39.06890595608518,0.03125512476486815
./models/11_mHM/post-proc/sas/aux_fun.py,MapPoint.set_I,METHOD,25,1,A,2.0,3.0,93.76537429460444,7.5,703.2403072095333,39.06890595608518,0.03125512476486815
./models/11_mHM/post-proc/sas/aux_fun.py,MapPoint.set_groundwater,METHOD,29,1,A,2.0,3.0,93.76537429460444,7.5,703.2403072095333,39.06890595608518,0.03125512476486815
./models/11_mHM/post-proc/sas/aux_fun.py,MapPoint.get_ttd,METHOD,33,2,A,20.0,27.0,1649.7128889482583,36.12903225806452,59602.53018135644,3311.2516767420243,0.5499042963160861
./models/11_mHM/post-proc/sas/aux_fun.py,DataStruct,CLASS,67,5,A,13.0,18.0,607.8212551691586,17.043478260869566,10359.388348970007,575.5215749427782,0.2026070850563862
./models/11_mHM/post-proc/sas/aux_fun.py,DataStruct.__init__,METHOD,69,4,A,12.0,16.0,563.521825157212,16.785714285714285,9459.1163508532,525.5064639362889,0.18784060838573732
./models/11_mHM/post-proc/sas/aux_fun.py,MapPoint (aggregate),CLASS_AGG,8,7,B,,,,,,,
./models/11_mHM/post-proc/sas/aux_fun.py,DataStruct (aggregate),CLASS_AGG,69,4,A,,,,,,,
./models/11_mHM/post-proc/sas/aux_fun.py,aux_fun.py (module aggregate),MODULE_AGG,1,16,C,,,,,,,
./models/11_mHM/post-proc/sas/get_p.py,<module>,FUNCTION,1,1,A,3.0,,36.0,1.7999999999999998,64.8,3.5999999999999996,0.012
./models/11_mHM/post-proc/sas/get_p.py,get_p_forward,FUNCTION,9,2,A,8.0,69.0,504.4394119358453,19.294117647058822,9732.713359703368,540.7062977612982,0.16814647064528176
./models/11_mHM/post-proc/sas/get_p.py,get_p_backward,FUNCTION,79,1,A,5.0,61.0,456.34082539159226,15.75,7187.367999917578,399.29822221764323,0.1521136084638641
./models/11_mHM/post-proc/sas/get_p.py,get_p.py (module aggregate),MODULE_AGG,1,3,A,,,,,,,
./models/11_mHM/post-proc/sas/get_theta.py,<module>,FUNCTION,1,1,A,2.0,,22.458839376460833,1.5,33.68825906469125,1.871569948038403,0.007486279792153611
./models/11_mHM/post-proc/sas/get_theta.py,get_theta,FUNCTION,8,1,A,8.0,65.0,453.9954707422608,14.0,6355.936590391651,353.10758835509176,0.15133182358075362
./models/11_mHM/post-proc/sas/get_theta.py,get_theta.py (module aggregate),MODULE_AGG,1,1,A,,,,,,,
./models/11_mHM/post-proc/sas/get_U_num.py,<module>,FUNCTION,1,1,A,1.0,,8.0,1.0,8.0,0.4444444444444444,0.0026666666666666666
./models/11_mHM/post-proc/sas/get_U_num.py,get_U_num,FUNCTION,7,1,A,2.0,6.0,123.18989788986397,7.222222222222222,889.704818093462,49.42804544963678,0.04106329929662132
./models/11_mHM/post-proc/sas/get_U_num.py,get_U_num.py (module aggregate),MODULE_AGG,1,1,A,,,,,,,
./models/11_mHM/post-proc/sas/get_validity_range.py,<module>,FUNCTION,1,1,A,1.0,,8.0,1.0,8.0,0.4444444444444444,0.0026666666666666666
./models/11_mHM/post-proc/sas/get_validity_range.py,get_validity_range,FUNCTION,6,1,A,8.0,62.0,218.51214931322758,13.799999999999999,3015.4676605225404,167.52598114014114,0.0728373831044092
./models/11_mHM/post-proc/sas/get_validity_range.py,get_validity_range.py (module aggregate),MODULE_AGG,1,1,A,,,,,,,
./models/11_mHM/post-proc/sas/plot_fun.py,<module>,FUNCTION,1,1,A,7.0,,152.92539048396907,3.0357142857142856,464.2377925406204,25.790988474478908,0.050975130161323025
./models/11_mHM/post-proc/sas/plot_fun.py,plot_routing_network,FUNCTION,12,1,A,5.0,17.0,193.26196660226546,4.75,917.9943413607609,50.99968563115338,0.06442065553408849
./models/11_mHM/post-proc/sas/plot_fun.py,plot_basin,FUNCTION,30,6,B,27.0,94.0,2218.93082335834,28.36842105263158,62947.56388369186,3497.0868824273257,0.7396436077861134
./models/11_mHM/post-proc/sas/plot_fun.py,plot_fun.py (module aggregate),MODULE_AGG,1,7,B,,,,,,,
./models/11_mHM/post-proc/sas/plot_study_domain.py,<module>,FUNCTION,1,27,D,228.0,,16618.047664438953,72.04545454545455,1197254.7976425337,66514.1554245852,5.539349221479651
./models/11_mHM/post-proc/sas/plot_study_domain.py,plot_study_domain.py (module aggregate),MODULE_AGG,1,0,A,,,,,,,
./models/11_mHM/post-proc/sas/sas_base.py,<module>,FUNCTION,1,1,A,5.0,,96.21143267166839,2.888888888888889,277.94413882926426,15.441341046070237,0.032070477557222796
./models/11_mHM/post-proc/sas/sas_base.py,SAS,CLASS,9,6,B,257.0,348.0,20860.377695958192,137.6,2870387.970963847,159465.99838688038,6.953459231986064
./models/11_mHM/post-proc/sas/sas_base.py,SAS.__init__,METHOD,11,1,A,3.0,3.0,109.39293667703852,5.6875,622.1723273506566,34.5651292972587,0.03646431222567951
./models/11_mHM/post-proc/sas/sas_base.py,SAS.map_variables,METHOD,15,3,A,14.0,20.0,452.3561956057013,26.0,11761.261085748234,653.4033936526797,0.15078539853523376
./models/11_mHM/post-proc/sas/sas_base.py,SAS.get_p,METHOD,38,16,C,38.0,43.0,1427.1076304866517,21.484375,30660.51549873666,1703.3619721520365,0.4757025434955506
./models/11_mHM/post-proc/sas/sas_base.py,SAS.get_p_Q_forward,METHOD,82,11,C,25.0,28.0,1452.208810557521,41.040000000000006,59598.64958528067,3311.0360880711482,0.48406960351917366
./models/11_mHM/post-proc/sas/sas_base.py,SAS.get_p_Q_backward,METHOD,111,7,B,20.0,23.0,1523.6268409138108,30.735294117647058,46829.11908102742,2601.6177267237454,0.507875613637937
./models/11_mHM/post-proc/sas/sas_base.py,SAS.get_p_rt,METHOD,137,6,B,31.0,48.0,2615.455165865233,34.965909090909086,91451.76756099229,5080.65375338846,0.8718183886217443
./models/11_mHM/post-proc/sas/sas_base.py,SAS.get_p_theta,METHOD,187,5,A,10.0,12.0,1007.3176425675672,25.071428571428573,25254.89232437258,1403.0495735762545,0.3357725475225224
./models/11_mHM/post-proc/sas/sas_base.py,SAS.fit_p,METHOD,204,6,B,21.0,25.0,1492.4902149688041,32.099999999999994,47908.9359004986,2661.6075500277,0.49749673832293473
./models/11_mHM/post-proc/sas/sas_base.py,SAS.set_spatial_mask,METHOD,232,9,B,38.0,44.0,1933.4764360607735,63.17647058823529,122150.21719583945,6786.123177546636,0.6444921453535911
./models/11_mHM/post-proc/sas/sas_base.py,SAS.get_wet_dry_years,METHOD,282,6,B,22.0,28.0,1359.3984730406871,48.84782608695652,66403.66019396574,3689.0922329980967,0.4531328243468957
./models/11_mHM/post-proc/sas/sas_base.py,SAS.get_storm_events,METHOD,311,3,A,6.0,8.0,352.53297886058186,16.5,5816.7941511996005,323.1552306222,0.1175109929535273
./models/11_mHM/post-proc/sas/sas_base.py,SAS.map_to_month,METHOD,322,1,A,6.0,6.0,224.74026093414287,10.636363636363637,2390.4191390267924,132.80106327926626,0.07491342031138096
./models/11_mHM/post-proc/sas/sas_base.py,SAS.compress_flux,METHOD,330,2,A,4.0,4.0,151.23612512626255,7.111111111111111,1075.456889786756,59.74760498815311,0.050412041708754185
./models/11_mHM/post-proc/sas/sas_base.py,SAS.compress_state,METHOD,335,2,A,4.0,4.0,151.23612512626255,7.111111111111111,1075.456889786756,59.74760498815311,0.050412041708754185
./models/11_mHM/post-proc/sas/sas_base.py,SAS.sum_chunk,METHOD,340,2,A,7.0,8.0,315.78222090468125,22.5,7105.099970355328,394.72777613085157,0.10526074030156042
./models/11_mHM/post-proc/sas/sas_base.py,SAS.mean_chunk,METHOD,349,2,A,7.0,8.0,315.78222090468125,22.5,7105.099970355328,394.72777613085157,0.10526074030156042
./models/11_mHM/post-proc/sas/sas_base.py,SAS (aggregate),CLASS_AGG,11,82,F,,,,,,,
./models/11_mHM/post-proc/sas/sas_base.py,sas_base.py (module aggregate),MODULE_AGG,1,82,F,,,,,,,
./models/11_mHM/post-proc/sas/__init__.py,<module>,FUNCTION,1,1,A,9.0,,132.83428025068963,2.5454545454545454,338.1236224563009,18.784645692016717,0.04427809341689654
./models/11_mHM/post-proc/sas/__init__.py,__init__.py (module aggregate),MODULE_AGG,1,0,A,,,,,,,
./models/11_mHM/pre-proc/asc2nc.py,<module>,FUNCTION,1,10,B,47.0,,2168.52618215625,36.97872340425532,80189.32988484175,4454.962771380097,0.72284206071875
./models/11_mHM/pre-proc/asc2nc.py,parse_args,FUNCTION,36,1,A,13.0,24.0,441.16633802859883,10.588235294117647,4671.1729908910465,259.5096106050581,0.14705544600953294
./models/11_mHM/pre-proc/asc2nc.py,get_all_subfiles,FUNCTION,62,8,B,10.0,24.0,341.83954541669436,15.785714285714286,5396.18139550639,299.78785530591057,0.11394651513889813
./models/11_mHM/pre-proc/asc2nc.py,MyAsciiToNetcdfConverter,CLASS,89,6,B,135.0,251.0,9443.788507392994,58.53435114503817,552786.0326312174,30710.335146178742,3.1479295024643315
./models/11_mHM/pre-proc/asc2nc.py,MyAsciiToNetcdfConverter.__init__,METHOD,91,4,A,24.0,66.0,974.1677793726137,25.458333333333332,24800.688049861124,1377.8160027700624,0.3247225931242046
./models/11_mHM/pre-proc/asc2nc.py,MyAsciiToNetcdfConverter.read,METHOD,158,11,C,62.0,78.0,3680.8807056189257,35.714285714285715,131460.0252006759,7303.334733370884,1.2269602352063085
./models/11_mHM/pre-proc/asc2nc.py,MyAsciiToNetcdfConverter._convert_raw,METHOD,237,13,C,25.0,49.0,1908.0,26.811111111111114,51155.600000000006,2841.977777777778,0.636
./models/11_mHM/pre-proc/asc2nc.py,MyAsciiToNetcdfConverter._make_coord,METHOD,287,1,A,10.0,24.0,490.0,16.333333333333336,8003.333333333335,444.62962962962973,0.16333333333333333
./models/11_mHM/pre-proc/asc2nc.py,MyAsciiToNetcdfConverter._format_path,METHOD,312,1,A,3.0,14.0,120.0,5.055555555555555,606.6666666666666,33.7037037037037,0.04
./models/11_mHM/pre-proc/asc2nc.py,MyAsciiToNetcdfConverter.write,METHOD,327,3,A,9.0,13.0,388.63847961020576,17.266666666666666,6710.4910812695525,372.8050600705307,0.1295461598700686
./models/11_mHM/pre-proc/asc2nc.py,MyAsciiToNetcdfConverter (aggregate),CLASS_AGG,91,33,E,,,,,,,
./models/11_mHM/pre-proc/asc2nc.py,asc2nc.py (module aggregate),MODULE_AGG,1,42,F,,,,,,,
./models/11_mHM/pre-proc/autostring.py,<module>,FUNCTION,1,2,A,5.0,,108.04820237218406,6.0,648.2892142331044,36.01606745739469,0.03601606745739469
./models/11_mHM/pre-proc/autostring.py,autostring,FUNCTION,5,57,F,167.0,327.0,9480.196547588414,93.38775510204081,885334.2735053996,49185.237416966644,3.1600655158628044
./models/11_mHM/pre-proc/autostring.py,astr,FUNCTION,334,1,A,4.0,77.0,298.6775847489557,8.25,2464.0900741788846,136.89389300993804,0.09955919491631858
./models/11_mHM/pre-proc/autostring.py,autostring.py (module aggregate),MODULE_AGG,1,58,F,,,,,,,
./models/11_mHM/pre-proc/bin2nc.py,<module>,FUNCTION,1,2,A,115.0,,7791.782310839834,66.875,521075.44203741394,28948.63566874522,2.5972607702799446
./models/11_mHM/pre-proc/bin2nc.py,bin2nc.py (module aggregate),MODULE_AGG,1,0,A,,,,,,,
./models/11_mHM/pre-proc/create_latlon.py,<module>,FUNCTION,1,7,B,56.0,,2834.8208419791144,39.55102040816326,112120.05697460251,6228.892054144584,0.9449402806597048
./models/11_mHM/pre-proc/create_latlon.py,xx_to_latlon,FUNCTION,17,2,A,8.0,8.0,218.51214931322758,9.583333333333334,2094.0747642517645,116.33748690287581,0.0728373831044092
./models/11_mHM/pre-proc/create_latlon.py,header_to_latlon,FUNCTION,27,3,A,34.0,50.0,3048.4127609849575,40.680851063829785,124012.0255107072,6889.556972817067,1.0161375869949858
./models/11_mHM/pre-proc/create_latlon.py,latlon_to_nc,FUNCTION,79,1,A,25.0,31.0,1520.0,30.0,45600.0,2533.3333333333335,0.5066666666666667
./models/11_mHM/pre-proc/create_latlon.py,create_latlon.py (module aggregate),MODULE_AGG,1,6,B,,,,,,,
./models/11_mHM/pre-proc/create_restart_from_output.py,<module>,FUNCTION,1,8,B,70.0,,4825.764678390698,57.2,276033.7396039479,15335.207755774883,1.6085882261302324
./models/11_mHM/pre-proc/create_restart_from_output.py,create_restart_from_output.py (module aggregate),MODULE_AGG,1,0,A,,,,,,,
./models/11_mHM/pre-proc/cut_mhm_input.py,<module>,FUNCTION,1,8,B,84.0,,3835.854430161524,45.5,174531.37657234934,9696.18758735274,1.2786181433871746
./models/11_mHM/pre-proc/cut_mhm_input.py,check_dir,FUNCTION,30,2,A,4.0,4.0,78.86917501586544,4.5,354.9112875713945,19.71729375396636,0.026289725005288478
./models/11_mHM/pre-proc/cut_mhm_input.py,cut_mhm_input.py (module aggregate),MODULE_AGG,1,2,A,,,,,,,
./models/11_mHM/pre-proc/date2dec.py,<module>,FUNCTION,1,2,A,5.0,,108.04820237218406,6.0,648.2892142331044,36.01606745739469,0.03601606745739469
./models/11_mHM/pre-proc/date2dec.py,date2dec,FUNCTION,5,111,F,306.0,628.0,23910.912866850387,235.5,5631019.980143266,312834.44334129256,7.970304288950129
./models/11_mHM/pre-proc/date2dec.py,date2dec.py (module aggregate),MODULE_AGG,1,111,F,,,,,,,
./models/11_mHM/pre-proc/fread.py,<module>,FUNCTION,1,2,A,6.0,,129.32351694048162,6.5,840.6028601131305,46.70015889517392,0.04310783898016054
./models/11_mHM/pre-proc/fread.py,fread,FUNCTION,6,83,F,258.0,545.0,10953.034069590685,168.72,1847995.9082213405,102666.43934563003,3.6510113565302285
./models/11_mHM/pre-proc/fread.py,fread.py (module aggregate),MODULE_AGG,1,83,F,,,,,,,
./models/11_mHM/pre-proc/fwrite.py,<module>,FUNCTION,1,2,A,5.0,,108.04820237218406,6.0,648.2892142331044,36.01606745739469,0.03601606745739469
./models/11_mHM/pre-proc/fwrite.py,fwrite,FUNCTION,5,5,A,13.0,84.0,787.524930610475,19.6875,15504.397071393727,861.355392855207,0.2625083102034917
./models/11_mHM/pre-proc/fwrite.py,fwrite.py (module aggregate),MODULE_AGG,1,5,A,,,,,,,
./models/11_mHM/pre-proc/hargreaves_samani_PET.py,<module>,FUNCTION,1,8,B,61.0,,2189.858197755256,30.48979591836735,66768.32953972148,3709.351641095638,0.7299527325850853
./models/11_mHM/pre-proc/hargreaves_samani_PET.py,epotHargreaves,FUNCTION,99,1,A,10.0,37.0,1057.0804437724498,24.08,25454.49708604059,1414.1387270022549,0.35236014792414994
./models/11_mHM/pre-proc/hargreaves_samani_PET.py,getData,FUNCTION,137,4,A,8.0,8.0,326.9769564855337,15.178571428571429,4963.0430895125655,275.7246160840314,0.10899231882851124
./models/11_mHM/pre-proc/hargreaves_samani_PET.py,getJulianDates,FUNCTION,146,4,A,8.0,8.0,360.0,15.3,5508.0,306.0,0.12
./models/11_mHM/pre-proc/hargreaves_samani_PET.py,parseArgument,FUNCTION,155,2,A,2.0,2.0,169.4584015082173,8.666666666666666,1468.639479737883,81.59108220766016,0.05648613383607243
./models/11_mHM/pre-proc/hargreaves_samani_PET.py,hargreaves_samani_PET.py (module aggregate),MODULE_AGG,1,11,C,,,,,,,
./models/11_mHM/pre-proc/lif.py,<module>,FUNCTION,1,2,A,5.0,,95.90827503317318,5.5,527.4955126824525,29.30530626013625,0.03196942501105773
./models/11_mHM/pre-proc/lif.py,lif,FUNCTION,5,20,C,44.0,155.0,1594.1038380992807,61.38461538461539,97853.45098486354,5436.302832492419,0.5313679460330936
./models/11_mHM/pre-proc/lif.py,lif.py (module aggregate),MODULE_AGG,1,20,C,,,,,,,
./models/11_mHM/pre-proc/match_grids.py,<module>,FUNCTION,1,8,B,27.0,,1197.1353750037085,29.859375,35745.71408800136,1985.8730048889645,0.3990451250012362
./models/11_mHM/pre-proc/match_grids.py,usage,FUNCTION,196,1,A,13.0,13.0,156.10155180436178,15.299999999999999,2388.353742606735,132.6863190337075,0.05203385060145393
./models/11_mHM/pre-proc/match_grids.py,BaseGrid,CLASS,26,4,A,53.0,66.0,3720.7813635204698,65.57377049180327,243985.66318167013,13554.75906564834,1.2402604545068232
./models/11_mHM/pre-proc/match_grids.py,BaseGrid.__init__,METHOD,27,1,A,9.0,9.0,269.343659006934,8.71875,2348.340026966706,130.46333483148365,0.089781219668978
./models/11_mHM/pre-proc/match_grids.py,BaseGrid.read,METHOD,37,5,A,18.0,23.0,1044.113395108324,23.596774193548388,24637.708016830293,1368.7615564905718,0.3480377983694414
./models/11_mHM/pre-proc/match_grids.py,BaseGrid.getBbox,METHOD,61,1,A,5.0,5.0,203.9005206452921,15.125,3083.995374760043,171.33307637555794,0.06796684021509736
./models/11_mHM/pre-proc/match_grids.py,BaseGrid.enlargeGrid,METHOD,68,5,A,11.0,14.0,897.9021532458047,34.35294117647059,30845.579852679406,1713.6433251488559,0.29930071774860156
./models/11_mHM/pre-proc/match_grids.py,BaseGrid.snapGrid,METHOD,83,3,A,9.0,9.0,446.95942520336604,24.230769230769234,10830.170687620024,601.6761493122235,0.14898647506778867
./models/11_mHM/pre-proc/match_grids.py,AsciiGrid,CLASS,93,2,A,24.0,31.0,1881.8482132074541,38.0,71510.23210188326,3972.790672326848,0.627282737735818
./models/11_mHM/pre-proc/match_grids.py,AsciiGrid.__init__,METHOD,94,1,A,3.0,3.0,125.0204990594726,6.857142857142857,857.2834221220978,47.62685678456099,0.04167349968649087
./models/11_mHM/pre-proc/match_grids.py,AsciiGrid.padGrid,METHOD,98,2,A,11.0,15.0,844.9163296644172,23.152173913043477,19561.64980636096,1086.7583225756089,0.28163877655480574
./models/11_mHM/pre-proc/match_grids.py,AsciiGrid.write,METHOD,114,1,A,9.0,10.0,594.4135922911647,15.46875,9194.835255753955,510.8241808752197,0.19813786409705492
./models/11_mHM/pre-proc/match_grids.py,NetcdfGrid,CLASS,126,3,A,51.0,68.0,4774.996247422588,66.68852459016394,318437.45466418174,17690.969703565654,1.5916654158075292
./models/11_mHM/pre-proc/match_grids.py,NetcdfGrid.__init__,METHOD,127,1,A,4.0,4.0,170.9669250591348,8.5,1453.2188630026458,80.73438127792477,0.056988975019711605
./models/11_mHM/pre-proc/match_grids.py,NetcdfGrid.read,METHOD,132,4,A,23.0,28.0,1664.9375759835436,34.77272727272727,57894.4202557914,3216.3566808773003,0.5549791919945145
./models/11_mHM/pre-proc/match_grids.py,NetcdfGrid.write,METHOD,161,1,A,8.0,12.0,900.6639077980667,17.75,15986.784363415683,888.1546868564269,0.3002213025993556
./models/11_mHM/pre-proc/match_grids.py,NetcdfGrid.padGrid,METHOD,174,1,A,15.0,20.0,1254.254675713017,37.17391304347826,46625.55424933171,2590.3085694073175,0.41808489190433895
./models/11_mHM/pre-proc/match_grids.py,BaseGrid (aggregate),CLASS_AGG,27,15,C,,,,,,,
./models/11_mHM/pre-proc/match_grids.py,AsciiGrid (aggregate),CLASS_AGG,94,4,A,,,,,,,
./models/11_mHM/pre-proc/match_grids.py,NetcdfGrid (aggregate),CLASS_AGG,127,7,B,,,,,,,
./models/11_mHM/pre-proc/match_grids.py,match_grids.py (module aggregate),MODULE_AGG,1,27,D,,,,,,,
./models/11_mHM/pre-proc/netcdf4.py,<module>,FUNCTION,1,2,A,6.0,,131.76952268336282,4.615384615384615,608.1670277693668,33.787057098298156,0.04392317422778761
./models/11_mHM/pre-proc/netcdf4.py,_tupelize,FUNCTION,20,3,A,7.0,7.0,132.83428025068963,7.5,996.2571018801723,55.347616771120684,0.04427809341689654
./models/11_mHM/pre-proc/netcdf4.py,copyGroup,FUNCTION,28,1,A,9.0,32.0,398.3544416004609,7.619047619047619,3035.0814598130355,168.61563665627975,0.1327848138668203
./models/11_mHM/pre-proc/netcdf4.py,copyDataset,FUNCTION,61,1,A,8.0,31.0,338.4316597061586,7.777777777777778,2632.246242159011,146.2359023421673,0.1128105532353862
./models/11_mHM/pre-proc/netcdf4.py,copyGroups,FUNCTION,93,3,A,5.0,23.0,169.4584015082173,8.0,1355.6672120657383,75.31484511476324,0.05648613383607243
./models/11_mHM/pre-proc/netcdf4.py,copyDimension,FUNCTION,117,2,A,3.0,17.0,129.26767504471167,6.5,840.2398877906259,46.679993766145884,0.043089225014903886
./models/11_mHM/pre-proc/netcdf4.py,copyDimensions,FUNCTION,135,3,A,5.0,23.0,169.4584015082173,8.0,1355.6672120657383,75.31484511476324,0.05648613383607243
./models/11_mHM/pre-proc/netcdf4.py,copyAttributes,FUNCTION,159,5,A,10.0,28.0,296.3368407027819,13.392857142857144,3968.796973697972,220.48872076099846,0.0987789469009273
./models/11_mHM/pre-proc/netcdf4.py,copyVariable,FUNCTION,189,4,A,13.0,31.0,426.06088269327125,13.722222222222223,5846.5021125132225,324.80567291740124,0.14202029423109042
./models/11_mHM/pre-proc/netcdf4.py,copyVariables,FUNCTION,221,3,A,5.0,24.0,201.73835003173087,8.038461538461538,1621.6659675627598,90.09255375348665,0.06724611667724363
./models/11_mHM/pre-proc/netcdf4.py,createDimensions,FUNCTION,246,2,A,3.0,3.0,105.48604608143,6.285714285714286,663.05514679756,36.83639704430889,0.03516201536047667
./models/11_mHM/pre-proc/netcdf4.py,getVariableDefinition,FUNCTION,252,3,A,10.0,10.0,380.73561716942845,13.714285714285714,5221.517035466447,290.08427974813594,0.12691187238980947
./models/11_mHM/pre-proc/netcdf4.py,getDates,FUNCTION,263,8,B,22.0,47.0,510.28221996984814,22.933333333333334,11702.472244641851,650.1373469245473,0.17009407332328272
./models/11_mHM/pre-proc/netcdf4.py,setFillValue,FUNCTION,311,1,A,3.0,16.0,58.81033751683405,4.800000000000001,282.2896200808035,15.682756671155751,0.019603445838944685
./models/11_mHM/pre-proc/netcdf4.py,getFillValue,FUNCTION,328,2,A,6.0,19.0,79.9544533632097,5.333333333333333,426.4237512704517,23.690208403913985,0.02665148445440323
./models/11_mHM/pre-proc/netcdf4.py,setAttribute,FUNCTION,348,1,A,3.0,18.0,68.11428751370197,4.5,306.51429381165883,17.028571878425492,0.022704762504567322
./models/11_mHM/pre-proc/netcdf4.py,setAttributes,FUNCTION,367,1,A,3.0,19.0,51.89147427955946,4.199999999999999,217.9441919741497,12.10801066523054,0.017297158093186486
./models/11_mHM/pre-proc/netcdf4.py,filterVariables,FUNCTION,387,6,B,12.0,32.0,437.52180434752916,19.6875,8613.71052309198,478.53947350511004,0.14584060144917638
./models/11_mHM/pre-proc/netcdf4.py,filterDimensions,FUNCTION,420,4,A,8.0,23.0,252.0090376146638,12.5,3150.1129701832974,175.0062761212943,0.08400301253822128
./models/11_mHM/pre-proc/netcdf4.py,getGroups,FUNCTION,445,2,A,5.0,5.0,220.0782000346155,10.0,2200.7820003461547,122.26566668589749,0.0733594000115385
./models/11_mHM/pre-proc/netcdf4.py,getVariables,FUNCTION,451,2,A,5.0,5.0,263.22462421590114,10.285714285714285,2707.453277649269,150.41407098051494,0.08774154140530038
./models/11_mHM/pre-proc/netcdf4.py,getAttributes,FUNCTION,457,3,A,6.0,6.0,180.0850143339292,10.666666666666666,1920.9068195619113,106.7170455312173,0.06002833811130973
./models/11_mHM/pre-proc/netcdf4.py,attributeSetter,FUNCTION,464,1,A,2.0,2.0,68.53238859703687,7.2,493.43319789866547,27.41295543881475,0.022844129532345624
./models/11_mHM/pre-proc/netcdf4.py,attributeGetter,FUNCTION,467,3,A,8.0,8.0,239.7487836710217,10.909090909090908,2615.4412764111457,145.30229313395253,0.0799162612236739
./models/11_mHM/pre-proc/netcdf4.py,NcDataset,CLASS,476,2,A,57.0,66.0,1954.172031934902,21.24590163934426,41518.146776846435,2306.563709824802,0.651390677311634
./models/11_mHM/pre-proc/netcdf4.py,NcDataset.__init__,METHOD,477,4,A,26.0,28.0,744.9518312849399,15.36,11442.460128536677,635.6922293631487,0.24831727709497997
./models/11_mHM/pre-proc/netcdf4.py,NcDataset.createGroup,METHOD,506,1,A,4.0,4.0,104.0,10.0,1040.0,57.77777777777778,0.034666666666666665
./models/11_mHM/pre-proc/netcdf4.py,NcDataset.createVariable,METHOD,511,1,A,4.0,4.0,155.58941141594505,11.25,1750.380878429382,97.24338213496566,0.05186313713864835
./models/11_mHM/pre-proc/netcdf4.py,NcDataset.tofile,METHOD,516,1,A,3.0,4.0,93.76537429460444,5.714285714285714,535.8021388263111,29.766785490350614,0.03125512476486815
./models/11_mHM/pre-proc/netcdf4.py,NcDataset.__enter__,METHOD,521,1,A,2.0,2.0,22.458839376460833,3.75,84.22064766172812,4.678924870096007,0.007486279792153611
./models/11_mHM/pre-proc/netcdf4.py,NcDataset.__exit__,METHOD,524,1,A,2.0,2.0,62.907475208398566,4.8,301.9558810003131,16.77532672223962,0.02096915840279952
./models/11_mHM/pre-proc/netcdf4.py,NcGroup,CLASS,546,3,A,29.0,32.0,1156.271942704932,17.4375,20162.49200091725,1120.1384444954028,0.385423980901644
./models/11_mHM/pre-proc/netcdf4.py,NcGroup.__init__,METHOD,547,3,A,6.0,6.0,404.1654376838948,15.785714285714285,6380.040123438625,354.44667352436807,0.13472181256129828
./models/11_mHM/pre-proc/netcdf4.py,NcGroup.createGroup,METHOD,554,1,A,4.0,4.0,104.0,10.0,1040.0,57.77777777777778,0.034666666666666665
./models/11_mHM/pre-proc/netcdf4.py,NcGroup.createVariable,METHOD,559,1,A,4.0,4.0,155.58941141594505,11.25,1750.380878429382,97.24338213496566,0.05186313713864835
./models/11_mHM/pre-proc/netcdf4.py,NcVariable,CLASS,582,2,A,9.0,10.0,350.0,7.272727272727273,2545.4545454545455,141.41414141414143,0.11666666666666667
./models/11_mHM/pre-proc/netcdf4.py,NcVariable.__init__,METHOD,583,1,A,2.0,2.0,102.79858289555531,6.666666666666667,685.3238859703688,38.07354922057604,0.03426619429851844
./models/11_mHM/pre-proc/netcdf4.py,NcDataset (aggregate),CLASS_AGG,477,9,B,,,,,,,
./models/11_mHM/pre-proc/netcdf4.py,NcGroup (aggregate),CLASS_AGG,547,5,A,,,,,,,
./models/11_mHM/pre-proc/netcdf4.py,NcVariable (aggregate),CLASS_AGG,583,1,A,,,,,,,
./models/11_mHM/pre-proc/netcdf4.py,netcdf4.py (module aggregate),MODULE_AGG,1,79,F,,,,,,,
./models/11_mHM/pre-proc/prepare_netcdf.py,<module>,FUNCTION,1,1,A,32.0,,1476.3881411044795,18.28125,26990.220704566265,1499.456705809237,0.49212938036815984
./models/11_mHM/pre-proc/prepare_netcdf.py,prepare_netcdf.py (module aggregate),MODULE_AGG,1,0,A,,,,,,,
./models/11_mHM/pre-proc/readnetcdf.py,<module>,FUNCTION,1,3,A,9.0,,183.31714900750256,8.5,1558.1957665637717,86.5664314757651,0.06110571633583419
./models/11_mHM/pre-proc/readnetcdf.py,readnetcdf,FUNCTION,5,53,F,140.0,304.0,5548.651760409439,87.98305084745762,488187.3099709389,27121.517220607715,1.8495505868031463
./models/11_mHM/pre-proc/readnetcdf.py,netcdfread,FUNCTION,311,1,A,3.0,42.0,74.00879436282185,5.6,414.4492484318023,23.024958246211238,0.024669598120940616
./models/11_mHM/pre-proc/readnetcdf.py,ncread,FUNCTION,355,1,A,3.0,42.0,74.00879436282185,5.6,414.4492484318023,23.024958246211238,0.024669598120940616
./models/11_mHM/pre-proc/readnetcdf.py,readnc,FUNCTION,399,1,A,3.0,42.0,74.00879436282185,5.6,414.4492484318023,23.024958246211238,0.024669598120940616
./models/11_mHM/pre-proc/readnetcdf.py,readnetcdf.py (module aggregate),MODULE_AGG,1,56,F,,,,,,,
./models/11_mHM/pre-proc/river_network.py,<module>,FUNCTION,1,2,A,10.0,,625.5048708004482,20.263157894736842,12674.70396095645,704.1502200531362,0.2085016236001494
./models/11_mHM/pre-proc/river_network.py,cal_fdir,FUNCTION,42,14,C,28.0,39.0,990.0,55.28571428571429,54732.85714285715,3040.7142857142862,0.33
./models/11_mHM/pre-proc/river_network.py,upscale_fdir,FUNCTION,83,14,C,51.0,163.0,3638.739672258565,57.5,209227.5311548675,11623.751730825972,1.2129132240861884
./models/11_mHM/pre-proc/river_network.py,river_network,CLASS,248,11,C,137.0,477.0,9274.88859547325,120.05479452054794,1113494.8445305147,61860.8246961397,3.0916295318244167
./models/11_mHM/pre-proc/river_network.py,river_network.__init__,METHOD,249,24,D,60.0,199.0,3487.9031252807795,82.40625,287425.0169176692,15968.056495426068,1.1626343750935932
./models/11_mHM/pre-proc/river_network.py,river_network.flow_direction,METHOD,450,5,A,13.0,98.0,745.2417128595771,19.6875,14671.946221922924,815.1081234401624,0.2484139042865257
./models/11_mHM/pre-proc/river_network.py,river_network.network_properties,METHOD,550,29,D,47.0,145.0,2681.2114221823354,53.30232558139535,142914.8041777189,7939.711343206606,0.8937371407274451
./models/11_mHM/pre-proc/river_network.py,river_network._get_sinks,METHOD,697,1,A,2.0,3.0,98.99122797349771,5.5,544.4517538542374,30.247319658568742,0.03299707599116591
./models/11_mHM/pre-proc/river_network.py,river_network._get_neighbors,METHOD,702,1,A,8.0,11.0,333.73121998801753,16.916666666666664,5645.619804797296,313.64554471096085,0.11124373999600584
./models/11_mHM/pre-proc/river_network.py,river_network._get_upstream,METHOD,715,2,A,6.0,10.0,440.92347162443184,13.36111111111111,5891.22749587088,327.2904164372711,0.1469744905414773
./models/11_mHM/pre-proc/river_network.py,river_network (aggregate),CLASS_AGG,249,62,F,,,,,,,
./models/11_mHM/pre-proc/river_network.py,river_network.py (module aggregate),MODULE_AGG,1,90,F,,,,,,,
./models/11_mHM/pre-proc/usgs2mrm.py,<module>,FUNCTION,1,9,B,92.0,,3315.0205043004007,41.83064516129032,138669.44641779177,7703.858134321765,1.1050068347668003
./models/11_mHM/pre-proc/usgs2mrm.py,usgs2mrm.py (module aggregate),MODULE_AGG,1,0,A,,,,,,,
./models/11_mHM/pre-proc/writenetcdf.py,<module>,FUNCTION,1,3,A,9.0,,178.6167092893615,8.0,1428.933674314892,79.38520412860511,0.05953890309645383
./models/11_mHM/pre-proc/writenetcdf.py,writenetcdf,FUNCTION,5,33,E,76.0,236.0,4358.337860374913,79.17567567567568,345074.3449180624,19170.796939892356,1.4527792867916378
./models/11_mHM/pre-proc/writenetcdf.py,writenetcdf.py (module aggregate),MODULE_AGG,1,33,E,,,,,,,
./models/11_mHM/pybind/examples/01_simple_run.py,<module>,FUNCTION,1,1,A,9.0,,299.5579126362985,8.235294117647058,2466.9475158283403,137.05263976824114,0.09985263754543283
./models/11_mHM/pybind/examples/01_simple_run.py,01_simple_run.py (module aggregate),MODULE_AGG,1,0,A,,,,,,,
./models/11_mHM/pybind/examples/02_time_steps.py,<module>,FUNCTION,1,3,A,18.0,,756.7279879798108,16.0,12107.647807676973,672.6471004264985,0.25224266265993694
./models/11_mHM/pybind/examples/02_time_steps.py,02_time_steps.py (module aggregate),MODULE_AGG,1,0,A,,,,,,,
./models/11_mHM/pybind/examples/03_plot.py,<module>,FUNCTION,1,5,A,36.0,,1587.4843013887462,20.942307692307693,33245.58469639124,1846.9769275772912,0.5291614337962487
./models/11_mHM/pybind/examples/03_plot.py,03_plot.py (module aggregate),MODULE_AGG,1,0,A,,,,,,,
./models/11_mHM/pybind/examples/04_grid_info.py,<module>,FUNCTION,1,1,A,20.0,,1131.0760748365212,15.0,16966.14112254782,942.563395697101,0.37702535827884043
./models/11_mHM/pybind/examples/04_grid_info.py,04_grid_info.py (module aggregate),MODULE_AGG,1,0,A,,,,,,,
./models/11_mHM/pybind/examples/05_spotpy_optimization.py,<module>,FUNCTION,1,2,A,15.0,,665.9750303934175,11.277777777777779,7510.718398325764,417.2621332403202,0.22199167679780582
./models/11_mHM/pybind/examples/05_spotpy_optimization.py,spot_setup,CLASS,14,2,A,45.0,89.0,1893.2009436288554,25.02,47367.88760959396,2631.549311644109,0.6310669812096185
./models/11_mHM/pybind/examples/05_spotpy_optimization.py,spot_setup.__init__,METHOD,45,4,A,32.0,42.0,1191.391901091488,19.256756756756758,22942.34404128879,1274.5746689604885,0.39713063369716267
./models/11_mHM/pybind/examples/05_spotpy_optimization.py,spot_setup.parameters,METHOD,88,1,A,2.0,2.0,60.94436251225965,3.5,213.30526879290878,11.850292710717154,0.02031478750408655
./models/11_mHM/pybind/examples/05_spotpy_optimization.py,spot_setup.simulation,METHOD,91,1,A,3.0,4.0,135.93368043019473,7.222222222222222,981.7432475514064,54.541291530633686,0.04531122681006491
./models/11_mHM/pybind/examples/05_spotpy_optimization.py,spot_setup.evaluation,METHOD,96,1,A,2.0,2.0,31.69925001442312,4.0,126.79700005769249,7.044277780982916,0.010566416671474373
./models/11_mHM/pybind/examples/05_spotpy_optimization.py,spot_setup.objectivefunction,METHOD,99,1,A,4.0,4.0,176.41891628622352,9.818181818181818,1732.11299626474,96.22849979248556,0.05880630542874117
./models/11_mHM/pybind/examples/05_spotpy_optimization.py,spot_setup (aggregate),CLASS_AGG,45,8,B,,,,,,,
./models/11_mHM/pybind/examples/05_spotpy_optimization.py,05_spotpy_optimization.py (module aggregate),MODULE_AGG,1,8,B,,,,,,,
./models/11_mHM/pybind/examples/06_meteo_coupling.py,<module>,FUNCTION,1,4,A,41.0,,2523.9481458333794,30.98360655737705,78201.01632172274,4344.500906762374,0.8413160486111264
./models/11_mHM/pybind/examples/06_meteo_coupling.py,06_meteo_coupling.py (module aggregate),MODULE_AGG,1,0,A,,,,,,,
./models/11_mHM/pybind/src/mhm/cli.py,<module>,FUNCTION,1,1,A,3.0,,16.253496664211536,0.5,8.126748332105768,0.45148601845032044,0.005417832221403845
./models/11_mHM/pybind/src/mhm/cli.py,mhm,FUNCTION,13,2,A,6.0,6.0,288.44129532345625,9.0,2595.9716579111064,144.22064766172812,0.09614709844115209
./models/11_mHM/pybind/src/mhm/cli.py,cli.py (module aggregate),MODULE_AGG,1,2,A,,,,,,,
./models/11_mHM/pybind/src/mhm/download.py,<module>,FUNCTION,1,1,A,11.0,,240.36774610288018,6.944444444444445,1669.220459047779,92.73446994709883,0.08012258203429339
./models/11_mHM/pybind/src/mhm/download.py,_dl,FUNCTION,25,1,A,3.0,3.0,147.14866228501222,5.95,875.5345405958227,48.64080781087904,0.049049554095004076
./models/11_mHM/pybind/src/mhm/download.py,download_test,FUNCTION,30,9,B,28.0,44.0,1135.3501085268354,28.75,32641.315620146517,1813.406423341473,0.3784500361756118
./models/11_mHM/pybind/src/mhm/download.py,cli,FUNCTION,76,1,A,42.0,44.0,817.8841784037452,11.892857142857142,9726.979693158826,540.3877607310459,0.2726280594679151
./models/11_mHM/pybind/src/mhm/download.py,download.py (module aggregate),MODULE_AGG,1,11,C,,,,,,,
./models/11_mHM/pybind/src/mhm/tools.py,<module>,FUNCTION,1,1,A,2.0,,34.86917501586544,2.0,69.73835003173087,3.874352779540604,0.011623058338621813
./models/11_mHM/pybind/src/mhm/tools.py,get_parameter,FUNCTION,14,2,A,8.0,13.0,293.24865024551383,11.266666666666667,3303.934792766123,183.55193293145126,0.09774955008183794
./models/11_mHM/pybind/src/mhm/tools.py,get_runoff,FUNCTION,29,1,A,4.0,8.0,97.67226489021297,5.714285714285714,558.1272279440741,31.007068219115226,0.03255742163007099
./models/11_mHM/pybind/src/mhm/tools.py,get_runoff_eval,FUNCTION,39,1,A,4.0,8.0,112.0,6.5,728.0,40.44444444444444,0.037333333333333336
./models/11_mHM/pybind/src/mhm/tools.py,get_mask,FUNCTION,49,3,A,10.0,21.0,456.506188508102,15.0,6847.59282762153,380.4218237567517,0.15216872950270066
./models/11_mHM/pybind/src/mhm/tools.py,get_variable,FUNCTION,72,4,A,19.0,33.0,1254.5550578348511,23.83783783783784,29905.88002730645,1661.4377792948028,0.4181850192782837
./models/11_mHM/pybind/src/mhm/tools.py,set_meteo,FUNCTION,107,13,C,44.0,63.0,2368.037986041193,39.233333333333334,92906.02365234948,5161.44575846386,0.7893459953470644
./models/11_mHM/pybind/src/mhm/tools.py,tools.py (module aggregate),MODULE_AGG,1,24,D,,,,,,,
./models/11_mHM/pybind/src/mhm/__init__.py,<module>,FUNCTION,1,2,A,32.0,,440.0,11.399999999999999,5015.999999999999,278.66666666666663,0.14666666666666667
./models/11_mHM/pybind/src/mhm/__init__.py,__getattr__,FUNCTION,44,2,A,5.0,5.0,130.79881092001085,6.75,882.8919737100732,49.04955409500407,0.04359960364000362
./models/11_mHM/pybind/src/mhm/__init__.py,__init__.py (module aggregate),MODULE_AGG,1,2,A,,,,,,,
./models/11_mHM/pybind/tests/test_pybind.py,<module>,FUNCTION,1,2,A,12.0,,230.75303625876498,5.447368421052632,1256.9968027780094,69.83315570988941,0.07691767875292166
./models/11_mHM/pybind/tests/test_pybind.py,TestPybind,CLASS,15,2,A,73.0,87.0,4390.743924727154,37.73033707865169,165664.24830599758,9203.569350333199,1.4635813082423847
./models/11_mHM/pybind/tests/test_pybind.py,TestPybind.setUpClass,METHOD,17,1,A,5.0,5.0,185.8429080801566,5.653846153846154,1050.7272110685778,58.373733948254326,0.06194763602671887
./models/11_mHM/pybind/tests/test_pybind.py,TestPybind.tearDown,METHOD,23,1,A,2.0,3.0,46.50699332842307,3.0,139.5209799852692,7.751165554737178,0.015502331109474358
./models/11_mHM/pybind/tests/test_pybind.py,TestPybind.tearDownClass,METHOD,28,1,A,2.0,2.0,46.50699332842307,3.0,139.5209799852692,7.751165554737178,0.015502331109474358
./models/11_mHM/pybind/tests/test_pybind.py,TestPybind.test_coupling,METHOD,31,4,A,40.0,48.0,2324.2290350010135,28.166666666666664,65465.78448586188,3636.9880269923265,0.7747430116670045
./models/11_mHM/pybind/tests/test_pybind.py,TestPybind.test_get_variable,METHOD,80,2,A,17.0,17.0,807.99587955832,12.5625,10150.448236951395,563.9137909417442,0.2693319598527733
./models/11_mHM/pybind/tests/test_pybind.py,TestPybind.test_version,METHOD,98,1,A,4.0,4.0,181.52097998526924,7.363636363636364,1336.6544889824372,74.25858272124651,0.060506993328423075
./models/11_mHM/pybind/tests/test_pybind.py,TestPybind (aggregate),CLASS_AGG,17,10,B,,,,,,,
./models/11_mHM/pybind/tests/test_pybind.py,test_pybind.py (module aggregate),MODULE_AGG,1,10,B,,,,,,,
