file,function,type,line,call,call_line
./models/04.1_gr4j/gr4j/gr4j.py,gr4j,python,32,s_curves1,67
./models/04.1_gr4j/gr4j/gr4j.py,gr4j,python,32,s_curves1,67
./models/04.1_gr4j/gr4j/gr4j.py,gr4j,python,32,s_curves2,70
./models/04.1_gr4j/gr4j/gr4j.py,gr4j,python,32,s_curves2,70
./models/04.1_gr4j/gr4j/_version.py,versions_from_vcs,python,117,run_command,131
./models/04.1_gr4j/gr4j/_version.py,versions_from_vcs,python,117,run_command,140
./models/04.1_gr4j/gr4j/_version.py,get_versions,python,164,versions_from_expanded_variables,171
./models/04.1_gr4j/gr4j/_version.py,get_versions,python,164,versions_from_vcs,185
./models/04.1_gr4j/gr4j/_version.py,get_versions,python,164,versions_from_parentdir,186
