,source_file,file,function,type,line,cyclomatic_complexity,cc_rank,loc,loc_span,volume,difficulty,effort,time,bugs,model,language,complexity_category,number_changes,change_per_days,age_days
0,func_metrics_18_VIC_python,./models/18_VIC/tests/archive_tests.py,<module>,FUNCTION,1,2,A,6.0,,121.013986656846,5.31818181818182,643.574383584137,35.7541324213409,0.0403379955522821,VIC,python,b1,,,
1,func_metrics_18_VIC_python,./models/18_VIC/tests/archive_tests.py,main,FUNCTION,12,1,A,20.0,28.0,712.97033935535,12.6,8983.42627587742,499.079237548745,0.237656779785117,VIC,python,b1,2.0,0.001165686433209716,1715.7272685185183
2,func_metrics_18_VIC_python,./models/18_VIC/tests/archive_tests.py, archive_tests.py  (module  aggregate) ,MODULE_AGG,1,1,A,,,,,,,,VIC,python,b1,,,
3,func_metrics_18_VIC_python,./models/18_VIC/tests/run_profiling.py,<module>,FUNCTION,1,4,A,187.0,,4036.1489056429,64.6829268292683,261069.924335731,14503.8846853184,1.34538296854763,VIC,python,b1,,,
4,func_metrics_18_VIC_python,./models/18_VIC/tests/run_profiling.py,log2_range,FUNCTION,25,1,A,4.0,6.0,190.164836175044,6.33333333333333,1204.37729577528,66.9098497652933,0.0633882787250147,VIC,python,b1,2.0,0.0017347580797035201,1152.8985069444445
5,func_metrics_18_VIC_python,./models/18_VIC/tests/run_profiling.py,main,FUNCTION,232,4,A,35.0,42.0,1290.12633766659,24.5454545454546,31666.737379089,1759.26318772716,0.430042112555529,VIC,python,b1,2.0,0.0017347580797035201,1152.8985069444445
6,func_metrics_18_VIC_python,./models/18_VIC/tests/run_profiling.py,run_profiling,FUNCTION,276,1,A,5.0,5.0,137.607525047596,5.09090909090909,700.547400242309,38.9193000134616,0.0458691750158654,VIC,python,b1,1.0,0.0008673790398517601,1152.8985069444445
7,func_metrics_18_VIC_python,./models/18_VIC/tests/run_profiling.py,run_scaling,FUNCTION,283,6,B,43.0,53.0,2200.41260308324,28.7307692307692,63219.5467116609,3512.19703953672,0.733470867694414,VIC,python,b1,5.0,0.0043368951992588,1152.8985069444445
8,func_metrics_18_VIC_python,./models/18_VIC/tests/run_profiling.py,get_header_info,FUNCTION,338,2,A,17.0,17.0,554.478637303763,22.5,12475.7693393347,693.098296629703,0.184826212434588,VIC,python,b1,4.0,0.0034695161594070403,1152.8985069444445
9,func_metrics_18_VIC_python,./models/18_VIC/tests/run_profiling.py,CustomFormatter,CLASS,227,1,A,3.0,3.0,44.9726110422849,4.375,196.755173309996,10.9308429616665,0.0149908703474283,VIC,python,b1,1.0,0.0008673790398517601,1152.8985069444445
10,func_metrics_18_VIC_python,./models/18_VIC/tests/run_profiling.py, run_profiling.py  (module  aggregate) ,MODULE_AGG,1,14,C,,,,,,,,VIC,python,b2,,,
11,func_metrics_18_VIC_python,./models/18_VIC/tests/run_tests.py,<module>,FUNCTION,1,4,A,65.0,,1112.13109739296,8.76984126984127,9753.21319539063,541.845177521701,0.370710365797653,VIC,python,b1,,,
12,func_metrics_18_VIC_python,./models/18_VIC/tests/run_tests.py,main,FUNCTION,109,26,D,118.0,156.0,6344.96201419449,49.5294117647059,314262.236232456,17459.0131240254,2.11498733806483,VIC,python,b3,13.0,0.007576961815863153,1715.7272685185183
13,func_metrics_18_VIC_python,./models/18_VIC/tests/run_tests.py,run_unit_tests,FUNCTION,267,1,A,14.0,36.0,570.016535487505,18.7894736842105,10710.3106931073,595.017260728185,0.190005511829168,VIC,python,b1,7.0,0.004079902516234006,1715.7272685185183
14,func_metrics_18_VIC_python,./models/18_VIC/tests/run_tests.py,run_system,FUNCTION,305,62,F,255.0,370.0,11807.2591227085,85.8648648648649,1013828.70899581,56323.817166434,3.93575304090285,VIC,python,b4,17.0,0.009908334682282584,1715.7272685185183
15,func_metrics_18_VIC_python,./models/18_VIC/tests/run_tests.py,run_science,FUNCTION,677,9,B,74.0,152.0,3221.36369408411,35.6756756756757,114924.326383541,6384.68479908562,1.07378789802804,VIC,python,b1,9.0,0.005245588949443721,1715.7272685185183
16,func_metrics_18_VIC_python,./models/18_VIC/tests/run_tests.py,run_examples,FUNCTION,831,9,B,64.0,136.0,2910.23745014487,34.4571428571429,100278.467567849,5571.02597599161,0.97007915004829,VIC,python,b1,8.0,0.004662745732838864,1715.7272685185183
17,func_metrics_18_VIC_python,./models/18_VIC/tests/run_tests.py,run_release,FUNCTION,969,1,A,3.0,6.0,34.8691750158654,2.5,87.1729375396636,4.84294097442576,0.0116230583386218,VIC,python,b1,2.0,0.001165686433209716,1715.7272685185183
18,func_metrics_18_VIC_python,./models/18_VIC/tests/run_tests.py,CustomFormatter,CLASS,78,1,A,3.0,3.0,44.9726110422849,4.375,196.755173309996,10.9308429616665,0.0149908703474283,VIC,python,b1,1.0,0.000582843216604858,1715.7272685185183
19,func_metrics_18_VIC_python,./models/18_VIC/tests/run_tests.py,TestResults,CLASS,83,2,A,17.0,24.0,549.951447022508,15.0882352941177,8297.79683301607,460.988712945337,0.183317149007503,VIC,python,b1,2.0,0.001165686433209716,1715.7272685185183
20,func_metrics_18_VIC_python,./models/18_VIC/tests/run_tests.py,TestResults.__init__,METHOD,85,1,A,8.0,8.0,241.855650083654,9.86363636363636,2385.57618491604,132.532010273114,0.0806185500278847,VIC,python,b1,1.0,0.000582843216604858,1715.7272685185183
21,func_metrics_18_VIC_python,./models/18_VIC/tests/run_tests.py,TestResults.__repr__,METHOD,94,1,A,4.0,8.0,122.62388523751,6.22222222222222,762.993063700063,42.3885035388924,0.0408746284125034,VIC,python,b1,1.0,0.000582843216604858,1715.7272685185183
22,func_metrics_18_VIC_python,./models/18_VIC/tests/run_tests.py,TestResults.__str__,METHOD,103,1,A,4.0,4.0,87.5691632073249,5.0,437.845816036625,24.3247675575903,0.0291897210691083,VIC,python,b1,,,
23,func_metrics_18_VIC_python,./models/18_VIC/tests/run_tests.py, TestResults  (aggregate) ,CLASS_AGG,85,3,A,,,,,,,,VIC,python,b1,,,
24,func_metrics_18_VIC_python,./models/18_VIC/tests/run_tests.py, run_tests.py  (module  aggregate) ,MODULE_AGG,1,111,F,,,,,,,,VIC,python,b4,,,
25,func_metrics_18_VIC_python,./models/18_VIC/tests/test_image_driver.py,<module>,FUNCTION,1,1,A,8.0,,108.0,1.61538461538462,174.461538461538,9.69230769230769,0.036,VIC,python,b1,,,
26,func_metrics_18_VIC_python,./models/18_VIC/tests/test_image_driver.py,test_image_driver_no_output_file_nans,FUNCTION,14,2,A,6.0,9.0,152.925390483969,7.65,1169.87923720236,64.9932909556869,0.050975130161323,VIC,python,b1,3.0,0.0024468563705977698,1226.062974537037
27,func_metrics_18_VIC_python,./models/18_VIC/tests/test_image_driver.py,assert_nan_equal,FUNCTION,25,5,A,13.0,30.0,664.336448572642,12.5357142857143,8327.93190889277,462.662883827376,0.221445482857547,VIC,python,b1,5.0,0.004078093950996283,1226.062974537037
28,func_metrics_18_VIC_python,./models/18_VIC/tests/test_image_driver.py,check_multistream_image,FUNCTION,57,10,B,62.0,85.0,2759.17757000425,39.5172413793104,109035.086042237,6057.50478012427,0.919725856668083,VIC,python,b1,1.0,0.000845403895673989,1182.8665625
29,func_metrics_18_VIC_python,./models/18_VIC/tests/test_image_driver.py,setup_subdirs_and_fill_in_global_param_mpi_test,FUNCTION,144,2,A,15.0,46.0,549.445986855037,13.3636363636364,7342.59636979003,407.922020543891,0.183148662285012,VIC,python,b1,2.0,0.001734716039884214,1152.926446759259
30,func_metrics_18_VIC_python,./models/18_VIC/tests/test_image_driver.py,check_mpi_fluxes,FUNCTION,192,6,B,27.0,51.0,1177.49945177036,25.9821428571429,30593.9589701048,1699.66438722804,0.392499817256785,VIC,python,b1,4.0,0.003469432079768428,1152.926446759259
31,func_metrics_18_VIC_python,./models/18_VIC/tests/test_image_driver.py,check_mpi_states,FUNCTION,245,6,B,27.0,51.0,1215.48330505327,27.0535714285714,32883.1644134947,1826.84246741637,0.405161101684423,VIC,python,b1,5.0,0.004336790099710535,1152.926446759259
32,func_metrics_18_VIC_python,./models/18_VIC/tests/test_image_driver.py, test_image_driver.py  (module  aggregate) ,MODULE_AGG,1,31,E,,,,,,,,VIC,python,b3,,,
33,func_metrics_18_VIC_python,./models/18_VIC/tests/test_restart.py,<module>,FUNCTION,1,1,A,8.0,,112.587975038942,2.0,225.175950077885,12.5097750043269,0.0375293250129808,VIC,python,b1,,,
34,func_metrics_18_VIC_python,./models/18_VIC/tests/test_restart.py,prepare_restart_run_periods,FUNCTION,14,3,A,45.0,86.0,2083.68566580561,48.0,100016.911958669,5556.49510881495,0.694561888601869,VIC,python,b1,3.0,0.0024984508785230912,1200.744039351852
35,func_metrics_18_VIC_python,./models/18_VIC/tests/test_restart.py,setup_subdirs_and_fill_in_global_param_restart_test,FUNCTION,102,4,A,40.0,71.0,1554.09278010998,20.5957446808511,32007.6981094991,1778.20545052773,0.518030926703326,VIC,python,b1,3.0,0.0024984508785230912,1200.744039351852
36,func_metrics_18_VIC_python,./models/18_VIC/tests/test_restart.py,check_exact_restart_fluxes,FUNCTION,175,12,C,53.0,89.0,2653.97954633717,38.6,102443.610488615,5691.31169381193,0.884659848779057,VIC,python,b2,7.0,0.00582971871655388,1200.744039351852
37,func_metrics_18_VIC_python,./models/18_VIC/tests/test_restart.py,check_exact_restart_states,FUNCTION,266,13,C,73.0,103.0,2461.47958597752,46.25,113843.43085146,6324.63504730335,0.82049319532584,VIC,python,b2,6.0,0.0049969017570461825,1200.744039351852
38,func_metrics_18_VIC_python,./models/18_VIC/tests/test_restart.py,read_ascii_state,FUNCTION,371,2,A,7.0,19.0,259.597165791111,11.0,2855.56882370222,158.642712427901,0.0865323885970369,VIC,python,b1,1.0,0.000832816959507697,1200.744039351852
39,func_metrics_18_VIC_python,./models/18_VIC/tests/test_restart.py,read_binary_state,FUNCTION,392,1,A,5.0,17.0,106.274033872509,7.85714285714286,835.010266141141,46.3894592300634,0.0354246779575029,VIC,python,b1,1.0,0.000832816959507697,1200.744039351852
40,func_metrics_18_VIC_python,./models/18_VIC/tests/test_restart.py, test_restart.py  (module  aggregate) ,MODULE_AGG,1,35,E,,,,,,,,VIC,python,b3,,,
41,func_metrics_18_VIC_python,./models/18_VIC/tests/test_utils.py,<module>,FUNCTION,1,1,A,21.0,,535.024298626455,5.33333333333333,2853.46292600776,158.525718111542,0.178341432875485,VIC,python,b1,,,
42,func_metrics_18_VIC_python,./models/18_VIC/tests/test_utils.py,setup_test_dirs,FUNCTION,41,3,A,10.0,13.0,408.625168374896,13.875,5669.67421120169,314.981900622316,0.136208389458299,VIC,python,b1,1.0,0.000832816959507697,1200.744039351852
43,func_metrics_18_VIC_python,./models/18_VIC/tests/test_utils.py,print_test_dict,FUNCTION,56,2,A,9.0,9.0,385.440063751302,8.47058823529412,3264.90406942279,181.383559412378,0.128480021250434,VIC,python,b1,2.0,0.001665633919015394,1200.744039351852
44,func_metrics_18_VIC_python,./models/18_VIC/tests/test_utils.py,clip_string,FUNCTION,67,2,A,4.0,4.0,131.685752916751,14.0833333333333,1854.57435357758,103.031908532088,0.0438952509722504,VIC,python,b1,1.0,0.000839846542539875,1190.6937152777778
45,func_metrics_18_VIC_python,./models/18_VIC/tests/test_utils.py,print_tail,FUNCTION,73,3,A,8.0,8.0,280.538362627645,12.3846153846154,3474.35972177314,193.019984542952,0.0935127875425482,VIC,python,b1,2.0,0.001665633919015394,1200.744039351852
46,func_metrics_18_VIC_python,./models/18_VIC/tests/test_utils.py,replace_global_values,FUNCTION,83,7,B,21.0,25.0,708.485657725537,20.952380952381,14844.4613999636,824.69229999798,0.236161885908512,VIC,python,b1,1.0,0.000832816959507697,1200.744039351852
47,func_metrics_18_VIC_python,./models/18_VIC/tests/test_utils.py,drop_tests,FUNCTION,110,13,C,25.0,30.0,807.465271672487,38.0625,30734.1469030341,1707.45260572411,0.269155090557496,VIC,python,b2,3.0,0.0024984508785230912,1200.744039351852
48,func_metrics_18_VIC_python,./models/18_VIC/tests/test_utils.py,pop_run_kwargs,FUNCTION,142,1,A,6.0,6.0,165.6691730243,14.5714285714286,2414.03652121123,134.11314006729,0.0552230576747666,VIC,python,b1,1.0,0.000832816959507697,1200.744039351852
49,func_metrics_18_VIC_python,./models/18_VIC/tests/test_utils.py,check_returncode,FUNCTION,150,3,A,12.0,12.0,278.631371386483,14.0833333333333,3924.05848035964,218.003248908869,0.0928771237954945,VIC,python,b1,3.0,0.0024984508785230912,1200.744039351852
50,func_metrics_18_VIC_python,./models/18_VIC/tests/test_utils.py,process_error,FUNCTION,164,7,B,25.0,27.0,675.0,16.7619047619048,11314.2857142857,628.571428571429,0.225,VIC,python,b1,3.0,0.0024984508785230912,1200.744039351852
51,func_metrics_18_VIC_python,./models/18_VIC/tests/test_utils.py,test_classic_driver_all_complete,FUNCTION,193,4,A,11.0,16.0,294.803025134135,17.5,5159.05293984736,286.614052213742,0.0982676750447117,VIC,python,b1,2.0,0.001665633919015394,1200.744039351852
52,func_metrics_18_VIC_python,./models/18_VIC/tests/test_utils.py,test_classic_driver_no_output_file_nans,FUNCTION,211,2,A,6.0,6.0,101.579155485821,5.25,533.290566300563,29.6272536833646,0.0338597184952738,VIC,python,b1,4.0,0.003331267838030788,1200.744039351852
53,func_metrics_18_VIC_python,./models/18_VIC/tests/test_utils.py,read_vic_ascii,FUNCTION,221,7,B,18.0,33.0,943.858662621875,23.1,21803.1351065653,1211.28528369807,0.314619554207292,VIC,python,b1,4.0,0.003331267838030788,1200.744039351852
54,func_metrics_18_VIC_python,./models/18_VIC/tests/test_utils.py,find_global_param_value,FUNCTION,256,4,A,9.0,22.0,239.722425625196,12.9545454545455,3105.49505923549,172.527503290861,0.0799074752083986,VIC,python,b1,2.0,0.001665633919015394,1200.744039351852
55,func_metrics_18_VIC_python,./models/18_VIC/tests/test_utils.py,check_multistream_classic,FUNCTION,280,10,B,46.0,68.0,1990.62213072007,31.7142857142857,63131.1590028365,3507.2866112687,0.663540710240024,VIC,python,b1,4.0,0.003331267838030788,1200.744039351852
56,func_metrics_18_VIC_python,./models/18_VIC/tests/test_utils.py,setup_subdirs_and_fill_in_global_param_driver_match_test,FUNCTION,350,2,A,15.0,45.0,509.483806055204,16.9473684210526,8634.40976577766,479.689431432092,0.169827935351735,VIC,python,b1,2.0,0.001765898801817224,1132.5677314814816
57,func_metrics_18_VIC_python,./models/18_VIC/tests/test_utils.py,parse_classic_driver_outfile_name,FUNCTION,397,1,A,7.0,7.0,325.484726673547,9.47222222222222,3083.0636609911,171.281314499506,0.108494908891182,VIC,python,b1,1.0,0.000882949400908612,1132.5677314814816
58,func_metrics_18_VIC_python,./models/18_VIC/tests/test_utils.py,check_drivers_match_fluxes,FUNCTION,406,15,C,57.0,103.0,2554.34895059712,40.04,102276.131981909,5682.00733232825,0.851449650199039,VIC,python,b2,3.0,0.002648848202725836,1132.5677314814816
59,func_metrics_18_VIC_python,./models/18_VIC/tests/test_utils.py,tsplit,FUNCTION,511,4,A,11.0,14.0,344.916650654058,13.0,4483.91645850275,249.106469916819,0.114972216884686,VIC,python,b1,2.0,0.0017537579872233251,1140.4082060185185
60,func_metrics_18_VIC_python,./models/18_VIC/tests/test_utils.py,read_snotel_swe_obs,FUNCTION,527,1,A,15.0,23.0,494.350623697129,10.0,4943.50623697129,274.639235387294,0.164783541232376,VIC,python,b1,3.0,0.0026306369808349874,1140.4082060185185
61,func_metrics_18_VIC_python,./models/18_VIC/tests/test_utils.py,read_vic_42_output,FUNCTION,552,6,B,32.0,49.0,1709.20158814255,39.1176470588235,66859.9444773409,3714.44135985227,0.569733862714183,VIC,python,b1,4.0,0.0035075159744466502,1140.4082060185185
62,func_metrics_18_VIC_python,./models/18_VIC/tests/test_utils.py,read_vic_5_output,FUNCTION,603,5,A,23.0,35.0,1122.20306292188,25.8823529411765,29045.2557462133,1613.62531923407,0.374067687640626,VIC,python,b1,3.0,0.0026306369808349874,1140.4082060185185
63,func_metrics_18_VIC_python,./models/18_VIC/tests/test_utils.py,plot_science_tests,FUNCTION,640,3,A,22.0,47.0,330.117300051923,13.9615384615385,4608.94538149416,256.05252119412,0.110039100017308,VIC,python,b1,3.0,0.0026306369808349874,1140.4082060185185
64,func_metrics_18_VIC_python,./models/18_VIC/tests/test_utils.py,plot_snotel_comparison,FUNCTION,689,2,A,26.0,33.0,718.099622372295,15.125,10861.256788381,603.403154910054,0.239366540790765,VIC,python,b1,5.0,0.004384394968058313,1140.4082060185185
65,func_metrics_18_VIC_python,./models/18_VIC/tests/test_utils.py,plot_snotel_comparison_one_site,FUNCTION,724,9,B,51.0,69.0,2390.70281917936,24.7692307692308,59215.8698289042,3289.77054605023,0.796900939726454,VIC,python,b1,4.0,0.0035075159744466502,1140.4082060185185
66,func_metrics_18_VIC_python,./models/18_VIC/tests/test_utils.py,check_site_files,FUNCTION,795,1,A,2.0,2.0,118.53642239626,5.33333333333333,632.194252780053,35.1219029322251,0.0395121407987533,VIC,python,b1,1.0,0.0008768789936116626,1140.4082060185185
67,func_metrics_18_VIC_python,./models/18_VIC/tests/test_utils.py,get_fluxnet_lat_lon,FUNCTION,799,2,A,12.0,17.0,569.795838220038,16.45,9373.14153871963,520.730085484424,0.189931946073346,VIC,python,b1,1.0,0.0008768789936116626,1140.4082060185185
68,func_metrics_18_VIC_python,./models/18_VIC/tests/test_utils.py,read_fluxnet_obs,FUNCTION,818,3,A,29.0,39.0,1240.85087554946,25.4545454545455,31585.2950139863,1754.73861188813,0.413616958516487,VIC,python,b1,4.0,0.0035075159744466502,1140.4082060185185
69,func_metrics_18_VIC_python,./models/18_VIC/tests/test_utils.py,plot_fluxnet_comparison,FUNCTION,859,2,A,26.0,36.0,792.810332829337,17.75,14072.3834077207,781.799078206708,0.264270110943112,VIC,python,b1,4.0,0.0035075159744466502,1140.4082060185185
70,func_metrics_18_VIC_python,./models/18_VIC/tests/test_utils.py,plot_fluxnet_comparison_one_site,FUNCTION,897,22,D,113.0,158.0,6423.79101281048,51.0967741935484,328234.998848123,18235.2777137846,2.14126367093683,VIC,python,b3,4.0,0.0035075159744466502,1140.4082060185185
71,func_metrics_18_VIC_python,./models/18_VIC/tests/test_utils.py,VICReturnCodeError,CLASS,33,1,A,2.0,2.0,19.6514844544032,2.5,49.1287111360081,2.72937284088934,0.0065504948181344,VIC,python,b1,1.0,0.000832816959507697,1200.744039351852
72,func_metrics_18_VIC_python,./models/18_VIC/tests/test_utils.py,VICValgrindError,CLASS,37,1,A,2.0,2.0,19.6514844544032,2.5,49.1287111360081,2.72937284088934,0.0065504948181344,VIC,python,b1,1.0,0.000832816959507697,1200.744039351852
73,func_metrics_18_VIC_python,./models/18_VIC/tests/test_utils.py, test_utils.py  (module  aggregate) ,MODULE_AGG,1,146,F,,,,,,,,VIC,python,b4,,,
74,func_metrics_18_VIC_python,./models/18_VIC/tests/unit/test_cesm_driver.py,<module>,FUNCTION,1,3,A,15.0,,430.0,12.0,5160.0,286.666666666667,0.143333333333333,VIC,python,b1,,,
75,func_metrics_18_VIC_python,./models/18_VIC/tests/unit/test_cesm_driver.py,nm,FUNCTION,23,7,B,14.0,20.0,671.510089092388,21.25,14269.5893932132,792.754966289624,0.223836696364129,VIC,python,b1,2.0,0.0015458994591901554,1293.7451967592592
76,func_metrics_18_VIC_python,./models/18_VIC/tests/unit/test_cesm_driver.py,test_vic_lib_present,FUNCTION,46,2,A,1.0,1.0,11.6096404744368,2.0,23.2192809488736,1.2899600527152,0.0038698801581456,VIC,python,b1,1.0,0.0007729497295950777,1293.7451967592592
77,func_metrics_18_VIC_python,./models/18_VIC/tests/unit/test_cesm_driver.py,test_fortran_symbols_present,FUNCTION,51,3,A,8.0,10.0,118.53642239626,8.57142857142857,1016.02647768223,56.4459154267904,0.0395121407987533,VIC,python,b1,3.0,0.002318849188785233,1293.7451967592592
78,func_metrics_18_VIC_python,./models/18_VIC/tests/unit/test_cesm_driver.py,CESMTestException,CLASS,7,1,A,2.0,2.0,19.6514844544032,2.5,49.1287111360081,2.72937284088934,0.0065504948181344,VIC,python,b1,1.0,0.0007729497295950777,1293.7451967592592
79,func_metrics_18_VIC_python,./models/18_VIC/tests/unit/test_cesm_driver.py, test_cesm_driver.py  (module  aggregate) ,MODULE_AGG,1,12,C,,,,,,,,VIC,python,b2,,,
80,func_metrics_18_VIC_python,./models/18_VIC/tests/unit/test_python_driver.py,<module>,FUNCTION,1,1,A,3.0,,53.1508495181978,2.66666666666667,141.735598715194,7.8741999286219,0.0177169498393993,VIC,python,b1,,,
81,func_metrics_18_VIC_python,./models/18_VIC/tests/unit/test_python_driver.py,test_print_version,FUNCTION,6,3,A,1.0,1.0,11.6096404744368,2.0,23.2192809488736,1.2899600527152,0.0038698801581456,VIC,python,b1,2.0,0.0012652463002913166,1580.719895833333
82,func_metrics_18_VIC_python,./models/18_VIC/tests/unit/test_python_driver.py,test_set_global_scalars,FUNCTION,11,7,B,1.0,1.0,11.6096404744368,2.0,23.2192809488736,1.2899600527152,0.0038698801581456,VIC,python,b1,5.0,0.0031631157507282914,1580.719895833333
83,func_metrics_18_VIC_python,./models/18_VIC/tests/unit/test_python_driver.py,test_globals_are_initialized,FUNCTION,24,4,A,1.0,1.0,11.6096404744368,2.0,23.2192809488736,1.2899600527152,0.0038698801581456,VIC,python,b1,2.0,0.0012652463002913166,1580.719895833333
84,func_metrics_18_VIC_python,./models/18_VIC/tests/unit/test_python_driver.py, test_python_driver.py  (module  aggregate) ,MODULE_AGG,1,14,C,,,,,,,,VIC,python,b2,,,
85,func_metrics_18_VIC_python,./models/18_VIC/tests/unit/__init__.py,<module>,FUNCTION,1,1,A,0.0,,0.0,0.0,0.0,0.0,0.0,VIC,python,b1,,,
86,func_metrics_18_VIC_python,./models/18_VIC/tests/unit/__init__.py, __init__.py  (module  aggregate) ,MODULE_AGG,1,0,A,,,,,,,,VIC,python,b1,,,
87,func_metrics_18_VIC_python,./models/18_VIC/tests/unit/shared/test_cmd_proc.py,<module>,FUNCTION,1,1,A,1.0,,24.0,2.0,48.0,2.66666666666667,0.008,VIC,python,b1,,,
88,func_metrics_18_VIC_python,./models/18_VIC/tests/unit/shared/test_cmd_proc.py,test_print_version,FUNCTION,6,2,A,1.0,1.0,11.6096404744368,2.0,23.2192809488736,1.2899600527152,0.0038698801581456,VIC,python,b1,2.0,0.001266066951950334,1579.695289351852
89,func_metrics_18_VIC_python,./models/18_VIC/tests/unit/shared/test_cmd_proc.py,test_print_license,FUNCTION,10,2,A,1.0,1.0,11.6096404744368,2.0,23.2192809488736,1.2899600527152,0.0038698801581456,VIC,python,b1,2.0,0.001266066951950334,1579.695289351852
90,func_metrics_18_VIC_python,./models/18_VIC/tests/unit/shared/test_cmd_proc.py,test_print_usage,FUNCTION,14,2,A,1.0,1.0,11.6096404744368,2.0,23.2192809488736,1.2899600527152,0.0038698801581456,VIC,python,b1,2.0,0.001266066951950334,1579.695289351852
91,func_metrics_18_VIC_python,./models/18_VIC/tests/unit/shared/test_cmd_proc.py, test_cmd_proc.py  (module  aggregate) ,MODULE_AGG,1,6,B,,,,,,,,VIC,python,b1,,,
92,func_metrics_18_VIC_python,./models/18_VIC/tests/unit/shared/test_free_all_vars.py,<module>,FUNCTION,1,1,A,3.0,,44.3789500201924,2.8,124.261060056539,6.90339222536326,0.0147929833400641,VIC,python,b1,,,
93,func_metrics_18_VIC_python,./models/18_VIC/tests/unit/shared/test_free_all_vars.py, test_free_all_vars.py  (module  aggregate) ,MODULE_AGG,1,0,A,,,,,,,,VIC,python,b1,,,
94,func_metrics_18_VIC_python,./models/18_VIC/tests/unit/shared/test_free_vegcon.py,<module>,FUNCTION,1,1,A,0.0,,0.0,0.0,0.0,0.0,0.0,VIC,python,b1,,,
95,func_metrics_18_VIC_python,./models/18_VIC/tests/unit/shared/test_free_vegcon.py, test_free_vegcon.py  (module  aggregate) ,MODULE_AGG,1,0,A,,,,,,,,VIC,python,b1,,,
96,func_metrics_18_VIC_python,./models/18_VIC/tests/unit/shared/test_get_parameters.py,<module>,FUNCTION,1,1,A,3.0,,30.0,1.5,45.0,2.5,0.01,VIC,python,b1,,,
97,func_metrics_18_VIC_python,./models/18_VIC/tests/unit/shared/test_get_parameters.py,param_file,FUNCTION,7,1,A,6.0,6.0,272.625503652183,8.125,2215.08221717399,123.060123176333,0.0908751678840611,VIC,python,b1,2.0,0.001266066951950334,1579.695289351852
98,func_metrics_18_VIC_python,./models/18_VIC/tests/unit/shared/test_get_parameters.py,test_get_parameters,FUNCTION,15,3,A,1.0,1.0,15.5097750043269,2.0,31.0195500086539,1.7233083338141,0.0051699250014423,VIC,python,b1,2.0,0.001266066951950334,1579.695289351852
99,func_metrics_18_VIC_python,./models/18_VIC/tests/unit/shared/test_get_parameters.py,test_validate_parameters,FUNCTION,20,2,A,1.0,1.0,11.6096404744368,2.0,23.2192809488736,1.2899600527152,0.0038698801581456,VIC,python,b1,2.0,0.001266066951950334,1579.695289351852
100,func_metrics_18_VIC_python,./models/18_VIC/tests/unit/shared/test_get_parameters.py, test_get_parameters.py  (module  aggregate) ,MODULE_AGG,1,6,B,,,,,,,,VIC,python,b1,,,
101,func_metrics_18_VIC_python,./models/18_VIC/tests/unit/shared/test_initialize_global.py,<module>,FUNCTION,1,1,A,1.0,,15.5097750043269,1.5,23.2646625064904,1.29248125036058,0.0051699250014423,VIC,python,b1,,,
102,func_metrics_18_VIC_python,./models/18_VIC/tests/unit/shared/test_initialize_global.py,test_initialize_global,FUNCTION,4,3,A,1.0,1.0,11.6096404744368,2.0,23.2192809488736,1.2899600527152,0.0038698801581456,VIC,python,b1,2.0,0.001266066951950334,1579.695289351852
103,func_metrics_18_VIC_python,./models/18_VIC/tests/unit/shared/test_initialize_global.py, test_initialize_global.py  (module  aggregate) ,MODULE_AGG,1,3,A,,,,,,,,VIC,python,b1,,,
104,func_metrics_18_VIC_python,./models/18_VIC/tests/unit/shared/test_initialize_options.py,<module>,FUNCTION,1,1,A,1.0,,15.5097750043269,1.5,23.2646625064904,1.29248125036058,0.0051699250014423,VIC,python,b1,,,
105,func_metrics_18_VIC_python,./models/18_VIC/tests/unit/shared/test_initialize_options.py,test_initialize_options,FUNCTION,4,3,A,1.0,1.0,11.6096404744368,2.0,23.2192809488736,1.2899600527152,0.0038698801581456,VIC,python,b1,2.0,0.001266066951950334,1579.695289351852
106,func_metrics_18_VIC_python,./models/18_VIC/tests/unit/shared/test_initialize_options.py,test_initialize_options_bools,FUNCTION,9,4,A,1.0,1.0,11.6096404744368,2.0,23.2192809488736,1.2899600527152,0.0038698801581456,VIC,python,b1,3.0,0.001899100427925501,1579.695289351852
107,func_metrics_18_VIC_python,./models/18_VIC/tests/unit/shared/test_initialize_options.py, test_initialize_options.py  (module  aggregate) ,MODULE_AGG,1,7,B,,,,,,,,VIC,python,b1,,,
108,func_metrics_18_VIC_python,./models/18_VIC/tests/unit/shared/test_initialize_parameters.py,<module>,FUNCTION,1,1,A,1.0,,15.5097750043269,1.5,23.2646625064904,1.29248125036058,0.0051699250014423,VIC,python,b1,,,
109,func_metrics_18_VIC_python,./models/18_VIC/tests/unit/shared/test_initialize_parameters.py,test_initialize_parameters,FUNCTION,4,3,A,1.0,1.0,11.6096404744368,2.0,23.2192809488736,1.2899600527152,0.0038698801581456,VIC,python,b1,2.0,0.001266066951950334,1579.695289351852
110,func_metrics_18_VIC_python,./models/18_VIC/tests/unit/shared/test_initialize_parameters.py, test_initialize_parameters.py  (module  aggregate) ,MODULE_AGG,1,3,A,,,,,,,,VIC,python,b1,,,
111,func_metrics_18_VIC_python,./models/18_VIC/tests/unit/shared/test_initialize_snow.py,<module>,FUNCTION,1,1,A,0.0,,0.0,0.0,0.0,0.0,0.0,VIC,python,b1,,,
112,func_metrics_18_VIC_python,./models/18_VIC/tests/unit/shared/test_initialize_snow.py, test_initialize_snow.py  (module  aggregate) ,MODULE_AGG,1,0,A,,,,,,,,VIC,python,b1,,,
113,func_metrics_18_VIC_python,./models/18_VIC/tests/unit/shared/test_initialize_soil.py,<module>,FUNCTION,1,1,A,0.0,,0.0,0.0,0.0,0.0,0.0,VIC,python,b1,,,
114,func_metrics_18_VIC_python,./models/18_VIC/tests/unit/shared/test_initialize_soil.py, test_initialize_soil.py  (module  aggregate) ,MODULE_AGG,1,0,A,,,,,,,,VIC,python,b1,,,
115,func_metrics_18_VIC_python,./models/18_VIC/tests/unit/shared/test_input_tools.py,<module>,FUNCTION,1,1,A,1.0,,15.5097750043269,1.5,23.2646625064904,1.29248125036058,0.0051699250014423,VIC,python,b1,,,
116,func_metrics_18_VIC_python,./models/18_VIC/tests/unit/shared/test_input_tools.py,test_str_to_bool,FUNCTION,4,3,A,4.0,4.0,187.530748589209,11.25,2109.7209216286,117.206717868256,0.0625102495297363,VIC,python,b1,1.0,0.000839846542539875,1190.6937152777778
117,func_metrics_18_VIC_python,./models/18_VIC/tests/unit/shared/test_input_tools.py,test_str_to_agg_type,FUNCTION,11,6,B,6.0,6.0,267.565897118238,17.3333333333333,4637.80888338279,257.656049076822,0.089188632372746,VIC,python,b1,1.0,0.000839846542539875,1190.6937152777778
118,func_metrics_18_VIC_python,./models/18_VIC/tests/unit/shared/test_input_tools.py,test_str_to_out_type,FUNCTION,21,6,B,6.0,6.0,249.728170643689,15.8888888888889,3967.90315578305,220.43906421017,0.0832427235478962,VIC,python,b1,1.0,0.000839846542539875,1190.6937152777778
119,func_metrics_18_VIC_python,./models/18_VIC/tests/unit/shared/test_input_tools.py,test_str_to_out_mult,FUNCTION,31,5,A,4.0,4.0,179.306775062019,10.0,1793.06775062019,99.6148750344552,0.0597689250206731,VIC,python,b1,1.0,0.000839846542539875,1190.6937152777778
120,func_metrics_18_VIC_python,./models/18_VIC/tests/unit/shared/test_input_tools.py,test_str_to_freq_flag,FUNCTION,38,4,A,4.0,4.0,179.306775062019,14.1428571428571,2535.91010444856,140.883894691587,0.0597689250206731,VIC,python,b1,1.0,0.000839846542539875,1190.6937152777778
121,func_metrics_18_VIC_python,./models/18_VIC/tests/unit/shared/test_input_tools.py,test_str_to_ascii_format,FUNCTION,46,1,A,2.0,3.0,15.5097750043269,2.5,38.7744375108173,2.15413541726763,0.0051699250014423,VIC,python,b1,1.0,0.000839846542539875,1190.6937152777778
122,func_metrics_18_VIC_python,./models/18_VIC/tests/unit/shared/test_input_tools.py,test_str_to_calendar,FUNCTION,51,4,A,4.0,4.0,170.966925059135,13.3571428571429,2283.6296418613,126.868313436739,0.0569889750197116,VIC,python,b1,1.0,0.000839846542539875,1190.6937152777778
123,func_metrics_18_VIC_python,./models/18_VIC/tests/unit/shared/test_input_tools.py,test_str_to_timeunits,FUNCTION,63,4,A,3.0,3.0,129.267675044712,9.42857142857143,1218.80950756442,67.7116393091347,0.0430892250149039,VIC,python,b1,1.0,0.000839846542539875,1190.6937152777778
124,func_metrics_18_VIC_python,./models/18_VIC/tests/unit/shared/test_input_tools.py,test_str_from_time_units,FUNCTION,70,1,A,2.0,3.0,15.5097750043269,2.5,38.7744375108173,2.15413541726763,0.0051699250014423,VIC,python,b1,1.0,0.000839846542539875,1190.6937152777778
125,func_metrics_18_VIC_python,./models/18_VIC/tests/unit/shared/test_input_tools.py,test_str_from_calendar,FUNCTION,75,1,A,2.0,3.0,15.5097750043269,2.5,38.7744375108173,2.15413541726763,0.0051699250014423,VIC,python,b1,1.0,0.000839846542539875,1190.6937152777778
126,func_metrics_18_VIC_python,./models/18_VIC/tests/unit/shared/test_input_tools.py,test_cell_method_from_agg_type,FUNCTION,80,1,A,2.0,3.0,15.5097750043269,2.5,38.7744375108173,2.15413541726763,0.0051699250014423,VIC,python,b1,1.0,0.000839846542539875,1190.6937152777778
127,func_metrics_18_VIC_python,./models/18_VIC/tests/unit/shared/test_input_tools.py, test_input_tools.py  (module  aggregate) ,MODULE_AGG,1,36,E,,,,,,,,VIC,python,b3,,,
128,func_metrics_18_VIC_python,./models/18_VIC/tests/unit/shared/test_make_all_vars.py,<module>,FUNCTION,1,1,A,2.0,,22.4588393764608,1.5,33.6882590646913,1.8715699480384,0.0074862797921536,VIC,python,b1,,,
129,func_metrics_18_VIC_python,./models/18_VIC/tests/unit/shared/test_make_all_vars.py,test_make_all_vars,FUNCTION,6,3,A,1.0,1.0,11.6096404744368,2.0,23.2192809488736,1.2899600527152,0.0038698801581456,VIC,python,b1,3.0,0.001899100427925501,1579.695289351852
130,func_metrics_18_VIC_python,./models/18_VIC/tests/unit/shared/test_make_all_vars.py, test_make_all_vars.py  (module  aggregate) ,MODULE_AGG,1,3,A,,,,,,,,VIC,python,b1,,,
131,func_metrics_18_VIC_python,./models/18_VIC/tests/unit/shared/test_make_cell_data.py,<module>,FUNCTION,1,1,A,1.0,,15.5097750043269,1.5,23.2646625064904,1.29248125036058,0.0051699250014423,VIC,python,b1,,,
132,func_metrics_18_VIC_python,./models/18_VIC/tests/unit/shared/test_make_cell_data.py,test_make_cell_data,FUNCTION,4,2,A,1.0,1.0,11.6096404744368,2.0,23.2192809488736,1.2899600527152,0.0038698801581456,VIC,python,b1,2.0,0.001266066951950334,1579.695289351852
133,func_metrics_18_VIC_python,./models/18_VIC/tests/unit/shared/test_make_cell_data.py, test_make_cell_data.py  (module  aggregate) ,MODULE_AGG,1,2,A,,,,,,,,VIC,python,b1,,,
134,func_metrics_18_VIC_python,./models/18_VIC/tests/unit/shared/test_make_dmy.py,<module>,FUNCTION,1,1,A,2.0,,28.073549220576,1.875,52.6379047885801,2.92432804381,0.009357849740192,VIC,python,b1,,,
135,func_metrics_18_VIC_python,./models/18_VIC/tests/unit/shared/test_make_dmy.py,test_make_dmy,FUNCTION,6,8,B,16.0,18.0,600.282900203656,16.8571428571429,10119.0546034331,562.169700190725,0.200094300067885,VIC,python,b1,2.0,0.001266066951950334,1579.695289351852
136,func_metrics_18_VIC_python,./models/18_VIC/tests/unit/shared/test_make_dmy.py, test_make_dmy.py  (module  aggregate) ,MODULE_AGG,1,8,B,,,,,,,,VIC,python,b1,,,
137,func_metrics_18_VIC_python,./models/18_VIC/tests/unit/shared/test_make_energy_bal.py,<module>,FUNCTION,1,1,A,1.0,,15.5097750043269,1.5,23.2646625064904,1.29248125036058,0.0051699250014423,VIC,python,b1,,,
138,func_metrics_18_VIC_python,./models/18_VIC/tests/unit/shared/test_make_energy_bal.py,test_make_energy_bal,FUNCTION,4,2,A,1.0,1.0,11.6096404744368,2.0,23.2192809488736,1.2899600527152,0.0038698801581456,VIC,python,b1,2.0,0.001266066951950334,1579.695289351852
139,func_metrics_18_VIC_python,./models/18_VIC/tests/unit/shared/test_make_energy_bal.py,test_make_energy_bal_1snowband,FUNCTION,8,2,A,1.0,1.0,11.6096404744368,2.0,23.2192809488736,1.2899600527152,0.0038698801581456,VIC,python,b1,2.0,0.001266066951950334,1579.695289351852
140,func_metrics_18_VIC_python,./models/18_VIC/tests/unit/shared/test_make_energy_bal.py,test_make_energy_bal_5snowband,FUNCTION,13,2,A,1.0,1.0,11.6096404744368,2.0,23.2192809488736,1.2899600527152,0.0038698801581456,VIC,python,b1,2.0,0.001266066951950334,1579.695289351852
141,func_metrics_18_VIC_python,./models/18_VIC/tests/unit/shared/test_make_energy_bal.py, test_make_energy_bal.py  (module  aggregate) ,MODULE_AGG,1,6,B,,,,,,,,VIC,python,b1,,,
142,func_metrics_18_VIC_python,./models/18_VIC/tests/unit/shared/test_make_snow_data.py,<module>,FUNCTION,1,1,A,1.0,,15.5097750043269,1.5,23.2646625064904,1.29248125036058,0.0051699250014423,VIC,python,b1,,,
143,func_metrics_18_VIC_python,./models/18_VIC/tests/unit/shared/test_make_snow_data.py,test_make_snow_data,FUNCTION,4,2,A,1.0,1.0,11.6096404744368,2.0,23.2192809488736,1.2899600527152,0.0038698801581456,VIC,python,b1,2.0,0.001266066951950334,1579.695289351852
144,func_metrics_18_VIC_python,./models/18_VIC/tests/unit/shared/test_make_snow_data.py,test_make_snow_data_1snowband,FUNCTION,8,2,A,1.0,1.0,11.6096404744368,2.0,23.2192809488736,1.2899600527152,0.0038698801581456,VIC,python,b1,2.0,0.001266066951950334,1579.695289351852
145,func_metrics_18_VIC_python,./models/18_VIC/tests/unit/shared/test_make_snow_data.py,test_make_snow_data_5snowband,FUNCTION,13,2,A,1.0,1.0,11.6096404744368,2.0,23.2192809488736,1.2899600527152,0.0038698801581456,VIC,python,b1,2.0,0.001266066951950334,1579.695289351852
146,func_metrics_18_VIC_python,./models/18_VIC/tests/unit/shared/test_make_snow_data.py, test_make_snow_data.py  (module  aggregate) ,MODULE_AGG,1,6,B,,,,,,,,VIC,python,b1,,,
147,func_metrics_18_VIC_python,./models/18_VIC/tests/unit/shared/test_make_veg_var.py,<module>,FUNCTION,1,1,A,1.0,,15.5097750043269,1.5,23.2646625064904,1.29248125036058,0.0051699250014423,VIC,python,b1,,,
148,func_metrics_18_VIC_python,./models/18_VIC/tests/unit/shared/test_make_veg_var.py,test_make_veg_var,FUNCTION,4,2,A,1.0,1.0,11.6096404744368,2.0,23.2192809488736,1.2899600527152,0.0038698801581456,VIC,python,b1,2.0,0.001266066951950334,1579.695289351852
149,func_metrics_18_VIC_python,./models/18_VIC/tests/unit/shared/test_make_veg_var.py,test_make_veg_var_1snowband,FUNCTION,8,2,A,1.0,1.0,11.6096404744368,2.0,23.2192809488736,1.2899600527152,0.0038698801581456,VIC,python,b1,2.0,0.001266066951950334,1579.695289351852
150,func_metrics_18_VIC_python,./models/18_VIC/tests/unit/shared/test_make_veg_var.py,test_make_veg_var_5snowband,FUNCTION,13,2,A,1.0,1.0,11.6096404744368,2.0,23.2192809488736,1.2899600527152,0.0038698801581456,VIC,python,b1,2.0,0.001266066951950334,1579.695289351852
151,func_metrics_18_VIC_python,./models/18_VIC/tests/unit/shared/test_make_veg_var.py,test_make_veg_var_5snowbands_carbon_is_true,FUNCTION,18,2,A,1.0,1.0,11.6096404744368,2.0,23.2192809488736,1.2899600527152,0.0038698801581456,VIC,python,b1,2.0,0.001266066951950334,1579.695289351852
152,func_metrics_18_VIC_python,./models/18_VIC/tests/unit/shared/test_make_veg_var.py, test_make_veg_var.py  (module  aggregate) ,MODULE_AGG,1,8,B,,,,,,,,VIC,python,b1,,,
153,func_metrics_18_VIC_python,./models/18_VIC/tests/unit/shared/test_open_file.py,<module>,FUNCTION,1,1,A,3.0,,30.0,1.5,45.0,2.5,0.01,VIC,python,b1,,,
154,func_metrics_18_VIC_python,./models/18_VIC/tests/unit/shared/test_open_file.py,temp_file,FUNCTION,7,1,A,4.0,4.0,146.94555522617,5.0,734.727776130852,40.8182097850473,0.0489818517420568,VIC,python,b1,2.0,0.001266066951950334,1579.695289351852
155,func_metrics_18_VIC_python,./models/18_VIC/tests/unit/shared/test_open_file.py,test_open_file_read,FUNCTION,13,2,A,1.0,1.0,15.5097750043269,2.0,31.0195500086539,1.7233083338141,0.0051699250014423,VIC,python,b1,2.0,0.001266066951950334,1579.695289351852
156,func_metrics_18_VIC_python,./models/18_VIC/tests/unit/shared/test_open_file.py,test_open_file_write,FUNCTION,18,2,A,1.0,1.0,15.5097750043269,2.0,31.0195500086539,1.7233083338141,0.0051699250014423,VIC,python,b1,2.0,0.001266066951950334,1579.695289351852
157,func_metrics_18_VIC_python,./models/18_VIC/tests/unit/shared/test_open_file.py, test_open_file.py  (module  aggregate) ,MODULE_AGG,1,5,A,,,,,,,,VIC,python,b1,,,
158,func_metrics_18_VIC_python,./models/18_VIC/tests/unit/shared/test_print_library_shared.py,<module>,FUNCTION,1,1,A,2.0,,31.6992500144231,2.0,63.3985000288462,3.52213889049146,0.0105664166714744,VIC,python,b1,,,
159,func_metrics_18_VIC_python,./models/18_VIC/tests/unit/shared/test_print_library_shared.py,dmy,FUNCTION,6,1,A,8.0,8.0,254.754410521168,10.5,2674.92131047227,148.606739470681,0.0849181368403894,VIC,python,b1,2.0,0.001266066951950334,1579.695289351852
160,func_metrics_18_VIC_python,./models/18_VIC/tests/unit/shared/test_print_library_shared.py,test_print_dmy,FUNCTION,16,2,A,1.0,1.0,15.5097750043269,2.0,31.0195500086539,1.7233083338141,0.0051699250014423,VIC,python,b1,2.0,0.001266066951950334,1579.695289351852
161,func_metrics_18_VIC_python,./models/18_VIC/tests/unit/shared/test_print_library_shared.py,test_print_global_param,FUNCTION,20,2,A,1.0,1.0,11.6096404744368,2.0,23.2192809488736,1.2899600527152,0.0038698801581456,VIC,python,b1,2.0,0.001266066951950334,1579.695289351852
162,func_metrics_18_VIC_python,./models/18_VIC/tests/unit/shared/test_print_library_shared.py,test_print_option,FUNCTION,25,2,A,1.0,1.0,11.6096404744368,2.0,23.2192809488736,1.2899600527152,0.0038698801581456,VIC,python,b1,2.0,0.001266066951950334,1579.695289351852
163,func_metrics_18_VIC_python,./models/18_VIC/tests/unit/shared/test_print_library_shared.py,test_print_parameters,FUNCTION,29,2,A,1.0,1.0,11.6096404744368,2.0,23.2192809488736,1.2899600527152,0.0038698801581456,VIC,python,b1,2.0,0.001266066951950334,1579.695289351852
164,func_metrics_18_VIC_python,./models/18_VIC/tests/unit/shared/test_print_library_shared.py, test_print_library_shared.py  (module  aggregate) ,MODULE_AGG,1,9,B,,,,,,,,VIC,python,b1,,,
165,func_metrics_18_VIC_python,./models/18_VIC/tests/unit/shared/test_put_data.py,<module>,FUNCTION,1,1,A,3.0,,68.5323885970369,3.375,231.296811514999,12.8498228619444,0.0228441295323456,VIC,python,b1,,,
166,func_metrics_18_VIC_python,./models/18_VIC/tests/unit/shared/test_put_data.py,test_calc_water_balance_error,FUNCTION,7,4,A,9.0,10.0,417.786365580971,14.4705882352941,6045.61446664229,335.867470369016,0.139262121860324,VIC,python,b1,3.0,0.0018994488498540422,1579.4055208333336
167,func_metrics_18_VIC_python,./models/18_VIC/tests/unit/shared/test_put_data.py,test_calc_energy_balance_error,FUNCTION,21,4,A,10.0,10.0,505.230023493268,17.6470588235294,8915.82394399884,495.32355244438,0.168410007831089,VIC,python,b1,4.0,0.0025325984664720563,1579.4055208333336
168,func_metrics_18_VIC_python,./models/18_VIC/tests/unit/shared/test_put_data.py, test_put_data.py  (module  aggregate) ,MODULE_AGG,1,8,B,,,,,,,,VIC,python,b1,,,
169,func_metrics_18_VIC_python,./models/18_VIC/tests/unit/shared/test_timing.py,<module>,FUNCTION,1,1,A,3.0,,44.3789500201924,2.8,124.261060056539,6.90339222536326,0.0147929833400641,VIC,python,b1,,,
170,func_metrics_18_VIC_python,./models/18_VIC/tests/unit/shared/test_timing.py,test_vic_timers,FUNCTION,7,6,B,1.0,1.0,11.6096404744368,2.0,23.2192809488736,1.2899600527152,0.0038698801581456,VIC,python,b1,1.0,0.0008549503082397665,1169.6586226851853
171,func_metrics_18_VIC_python,./models/18_VIC/tests/unit/shared/test_timing.py, test_timing.py  (module  aggregate) ,MODULE_AGG,1,6,B,,,,,,,,VIC,python,b1,,,
172,func_metrics_18_VIC_python,./models/18_VIC/tests/unit/shared/test_vic_log.py,<module>,FUNCTION,1,1,A,3.0,,36.0,1.8,64.8,3.6,0.012,VIC,python,b1,,,
173,func_metrics_18_VIC_python,./models/18_VIC/tests/unit/shared/test_vic_log.py,test_finalize_logging,FUNCTION,6,2,A,1.0,1.0,11.6096404744368,2.0,23.2192809488736,1.2899600527152,0.0038698801581456,VIC,python,b1,2.0,0.001266066951950334,1579.695289351852
174,func_metrics_18_VIC_python,./models/18_VIC/tests/unit/shared/test_vic_log.py,test_get_current_datetime,FUNCTION,10,4,A,1.0,1.0,11.6096404744368,2.0,23.2192809488736,1.2899600527152,0.0038698801581456,VIC,python,b1,4.0,0.002532133903900668,1579.695289351852
175,func_metrics_18_VIC_python,./models/18_VIC/tests/unit/shared/test_vic_log.py,test_get_logname,FUNCTION,20,4,A,1.0,1.0,11.6096404744368,2.0,23.2192809488736,1.2899600527152,0.0038698801581456,VIC,python,b1,2.0,0.001266066951950334,1579.695289351852
176,func_metrics_18_VIC_python,./models/18_VIC/tests/unit/shared/test_vic_log.py,test_initialize_log,FUNCTION,30,2,A,1.0,1.0,11.6096404744368,2.0,23.2192809488736,1.2899600527152,0.0038698801581456,VIC,python,b1,2.0,0.001266066951950334,1579.695289351852
177,func_metrics_18_VIC_python,./models/18_VIC/tests/unit/shared/test_vic_log.py, test_vic_log.py  (module  aggregate) ,MODULE_AGG,1,12,C,,,,,,,,VIC,python,b2,,,
178,func_metrics_18_VIC_python,./models/18_VIC/tests/unit/shared/test_vic_time.py,<module>,FUNCTION,1,2,A,40.0,,1285.11518355248,13.65,17541.8222554914,974.545680860632,0.428371727850827,VIC,python,b1,,,
179,func_metrics_18_VIC_python,./models/18_VIC/tests/unit/shared/test_vic_time.py,datetime_to_dmy,FUNCTION,50,1,A,9.0,9.0,450.831864245206,13.5789473684211,6121.82215659279,340.101230921822,0.150277288081735,VIC,python,b1,2.0,0.001266066951950334,1579.695289351852
180,func_metrics_18_VIC_python,./models/18_VIC/tests/unit/shared/test_vic_time.py,dmy_to_datetime,FUNCTION,61,1,A,4.0,4.0,231.89044416914,11.5,2666.7401079451,148.152228219172,0.0772968147230465,VIC,python,b1,1.0,0.000664941625436566,1503.8914120370373
181,func_metrics_18_VIC_python,./models/18_VIC/tests/unit/shared/test_vic_time.py,feb3_noon,FUNCTION,68,1,A,2.0,2.0,77.7092340809629,7.2,559.506485382933,31.0836936323852,0.0259030780269876,VIC,python,b1,1.0,0.000633033475975167,1579.695289351852
182,func_metrics_18_VIC_python,./models/18_VIC/tests/unit/shared/test_vic_time.py,dmy_feb_3_noon,FUNCTION,73,1,A,2.0,2.0,53.7744375108174,4.2,225.852637545433,12.547368752524,0.0179248125036058,VIC,python,b1,1.0,0.000633033475975167,1579.695289351852
183,func_metrics_18_VIC_python,./models/18_VIC/tests/unit/shared/test_vic_time.py,dmy_june31,FUNCTION,78,1,A,8.0,8.0,254.754410521168,10.5,2674.92131047227,148.606739470681,0.0849181368403894,VIC,python,b1,2.0,0.001266066951950334,1579.695289351852
184,func_metrics_18_VIC_python,./models/18_VIC/tests/unit/shared/test_vic_time.py,dmy_too_many_seconds,FUNCTION,89,1,A,8.0,8.0,334.35764566378,11.3333333333333,3789.38665085617,210.521480603121,0.111452548554593,VIC,python,b1,1.0,0.0007901763592238306,1265.5402662037038
185,func_metrics_18_VIC_python,./models/18_VIC/tests/unit/shared/test_vic_time.py,dmy_now,FUNCTION,100,1,A,3.0,3.0,81.409673799104,5.25,427.400787445296,23.7444881914053,0.0271365579330347,VIC,python,b1,1.0,0.000633033475975167,1579.695289351852
186,func_metrics_18_VIC_python,./models/18_VIC/tests/unit/shared/test_vic_time.py,test_fractional_day_from_dmy,FUNCTION,105,2,A,1.0,1.0,15.5097750043269,2.0,31.0195500086539,1.7233083338141,0.0051699250014423,VIC,python,b1,3.0,0.001899100427925501,1579.695289351852
187,func_metrics_18_VIC_python,./models/18_VIC/tests/unit/shared/test_vic_time.py,test_leap_year,FUNCTION,110,4,A,3.0,3.0,102.186571031259,5.625,574.799462050829,31.9333034472683,0.0340621903437528,VIC,python,b1,1.0,0.000664941625436566,1503.8914120370373
188,func_metrics_18_VIC_python,./models/18_VIC/tests/unit/shared/test_vic_time.py,test_julian_day_from_dmy,FUNCTION,118,2,A,6.0,6.0,253.823744779619,8.8,2233.64895406065,124.091608558925,0.0846079149265396,VIC,python,b1,3.0,0.001899100427925501,1579.695289351852
189,func_metrics_18_VIC_python,./models/18_VIC/tests/unit/shared/test_vic_time.py,test_no_leap_day_from_dmy,FUNCTION,127,1,A,4.0,4.0,144.429535457082,4.66666666666667,674.004498799715,37.444694377762,0.048143178485694,VIC,python,b1,3.0,0.001899100427925501,1579.695289351852
190,func_metrics_18_VIC_python,./models/18_VIC/tests/unit/shared/test_vic_time.py,test_all_leap_from_dmy,FUNCTION,134,1,A,4.0,4.0,144.429535457082,4.66666666666667,674.004498799715,37.444694377762,0.048143178485694,VIC,python,b1,3.0,0.001899100427925501,1579.695289351852
191,func_metrics_18_VIC_python,./models/18_VIC/tests/unit/shared/test_vic_time.py,test_all_30_day_from_dmy,FUNCTION,141,1,A,4.0,4.0,144.429535457082,4.66666666666667,674.004498799715,37.444694377762,0.048143178485694,VIC,python,b1,3.0,0.001899100427925501,1579.695289351852
192,func_metrics_18_VIC_python,./models/18_VIC/tests/unit/shared/test_vic_time.py,test_date2num,FUNCTION,148,3,A,9.0,9.0,427.346878665028,6.84,2923.0526500688,162.391813892711,0.14244895955501,VIC,python,b1,3.0,0.001899100427925501,1579.695289351852
193,func_metrics_18_VIC_python,./models/18_VIC/tests/unit/shared/test_vic_time.py,test_dmy_julian_day,FUNCTION,160,3,A,7.0,7.0,280.538362627645,9.28125,2603.74667813783,144.652593229879,0.0935127875425482,VIC,python,b1,3.0,0.001899100427925501,1579.695289351852
194,func_metrics_18_VIC_python,./models/18_VIC/tests/unit/shared/test_vic_time.py,test_dmy_julian_day_timeseries,FUNCTION,172,4,A,9.0,11.0,406.244097451724,9.9,4021.81656477207,223.434253598448,0.135414699150575,VIC,python,b1,2.0,0.0013834978332006012,1445.611226851852
195,func_metrics_18_VIC_python,./models/18_VIC/tests/unit/shared/test_vic_time.py,test_dmy_no_leap_day,FUNCTION,188,2,A,1.0,1.0,15.5097750043269,2.0,31.0195500086539,1.7233083338141,0.0051699250014423,VIC,python,b1,4.0,0.002532133903900668,1579.695289351852
196,func_metrics_18_VIC_python,./models/18_VIC/tests/unit/shared/test_vic_time.py,test_dmy_all_leap,FUNCTION,199,2,A,1.0,1.0,15.5097750043269,2.0,31.0195500086539,1.7233083338141,0.0051699250014423,VIC,python,b1,4.0,0.002532133903900668,1579.695289351852
197,func_metrics_18_VIC_python,./models/18_VIC/tests/unit/shared/test_vic_time.py,test_dmy_all_30_day,FUNCTION,210,2,A,1.0,1.0,15.5097750043269,2.0,31.0195500086539,1.7233083338141,0.0051699250014423,VIC,python,b1,4.0,0.002532133903900668,1579.695289351852
198,func_metrics_18_VIC_python,./models/18_VIC/tests/unit/shared/test_vic_time.py,test_num2date,FUNCTION,221,5,A,16.0,20.0,786.808389431804,10.828125,8519.65959181626,473.31442176757,0.262269463143935,VIC,python,b1,3.0,0.001899100427925501,1579.695289351852
199,func_metrics_18_VIC_python,./models/18_VIC/tests/unit/shared/test_vic_time.py,test_make_lastday,FUNCTION,245,7,B,20.0,21.0,1290.0,33.6,43344.0,2408.0,0.43,VIC,python,b1,6.0,0.003798200855851002,1579.695289351852
200,func_metrics_18_VIC_python,./models/18_VIC/tests/unit/shared/test_vic_time.py,test_initialize_time,FUNCTION,269,5,A,12.0,12.0,509.048968804028,10.1538461538462,5168.80491401013,287.155828556118,0.169682989601343,VIC,python,b1,4.0,0.002532133903900668,1579.695289351852
201,func_metrics_18_VIC_python,./models/18_VIC/tests/unit/shared/test_vic_time.py,test_invalid_date,FUNCTION,283,5,A,2.0,2.0,55.5065957721164,3.5,194.273085202407,10.7929491779115,0.0185021985907055,VIC,python,b1,4.0,0.002532133903900668,1579.695289351852
202,func_metrics_18_VIC_python,./models/18_VIC/tests/unit/shared/test_vic_time.py,test_dt_seconds_to_time_units,FUNCTION,291,3,A,5.0,5.0,162.515744642814,8.8,1430.13855285676,79.4521418253758,0.0541719148809381,VIC,python,b1,3.0,0.001899100427925501,1579.695289351852
203,func_metrics_18_VIC_python,./models/18_VIC/tests/unit/shared/test_vic_time.py,test_calendar_from_chars,FUNCTION,299,5,A,2.0,2.0,59.2070354902575,4.0,236.82814196103,13.157118997835,0.0197356784967525,VIC,python,b1,2.0,0.0015018185040517986,1331.7188425925926
204,func_metrics_18_VIC_python,./models/18_VIC/tests/unit/shared/test_vic_time.py,timeunits_from_chars,FUNCTION,306,4,A,5.0,5.0,306.494508525132,9.82142857142857,3010.21392301469,167.234106834149,0.102164836175044,VIC,python,b1,1.0,0.0007509092520258993,1331.7188425925926
205,func_metrics_18_VIC_python,./models/18_VIC/tests/unit/shared/test_vic_time.py,test_parse_nc_time_units,FUNCTION,314,6,B,1.0,1.0,11.6096404744368,2.0,23.2192809488736,1.2899600527152,0.0038698801581456,VIC,python,b1,2.0,0.0015018185040517986,1331.7188425925926
206,func_metrics_18_VIC_python,./models/18_VIC/tests/unit/shared/test_vic_time.py,test_timedelta,FUNCTION,326,6,B,1.0,1.0,11.6096404744368,2.0,23.2192809488736,1.2899600527152,0.0038698801581456,VIC,python,b1,1.0,0.000839846542539875,1190.6937152777778
207,func_metrics_18_VIC_python,./models/18_VIC/tests/unit/shared/test_vic_time.py,test_dmy_equal,FUNCTION,357,3,A,1.0,1.0,11.6096404744368,2.0,23.2192809488736,1.2899600527152,0.0038698801581456,VIC,python,b1,1.0,0.000839846542539875,1190.6937152777778
208,func_metrics_18_VIC_python,./models/18_VIC/tests/unit/shared/test_vic_time.py,test_strpdmy,FUNCTION,366,3,A,9.0,10.0,364.348574634568,7.65,2787.26659595444,154.848144219691,0.121449524878189,VIC,python,b1,2.0,0.00167969308507975,1190.6937152777778
209,func_metrics_18_VIC_python,./models/18_VIC/tests/unit/shared/test_vic_time.py, test_vic_time.py  (module  aggregate) ,MODULE_AGG,1,86,F,,,,,,,,VIC,python,b4,,,
210,func_metrics_18_VIC_python,./models/18_VIC/tests/unit/shared/__init__.py,<module>,FUNCTION,1,1,A,0.0,,0.0,0.0,0.0,0.0,0.0,VIC,python,b1,,,
211,func_metrics_18_VIC_python,./models/18_VIC/tests/unit/shared/__init__.py, __init__.py  (module  aggregate) ,MODULE_AGG,1,0,A,,,,,,,,VIC,python,b1,,,
212,func_metrics_18_VIC_python,./models/18_VIC/tests/unit/vic_run/test_advected_sensible_heat.py,<module>,FUNCTION,1,1,A,2.0,,30.0,1.5,45.0,2.5,0.01,VIC,python,b1,,,
213,func_metrics_18_VIC_python,./models/18_VIC/tests/unit/vic_run/test_advected_sensible_heat.py,test_advected_sensible_heat,FUNCTION,5,7,B,1.0,1.0,11.6096404744368,2.0,23.2192809488736,1.2899600527152,0.0038698801581456,VIC,python,b1,2.0,0.0012662992332360282,1579.4055208333336
214,func_metrics_18_VIC_python,./models/18_VIC/tests/unit/vic_run/test_advected_sensible_heat.py, test_advected_sensible_heat.py  (module  aggregate) ,MODULE_AGG,1,7,B,,,,,,,,VIC,python,b1,,,
215,func_metrics_18_VIC_python,./models/18_VIC/tests/unit/vic_run/test_arno_evap.py,<module>,FUNCTION,1,1,A,0.0,,0.0,0.0,0.0,0.0,0.0,VIC,python,b1,,,
216,func_metrics_18_VIC_python,./models/18_VIC/tests/unit/vic_run/test_arno_evap.py, test_arno_evap.py  (module  aggregate) ,MODULE_AGG,1,0,A,,,,,,,,VIC,python,b1,,,
217,func_metrics_18_VIC_python,./models/18_VIC/tests/unit/vic_run/test_CalcAerodynamic.py,<module>,FUNCTION,1,1,A,3.0,,53.1508495181978,2.66666666666667,141.735598715194,7.8741999286219,0.0177169498393993,VIC,python,b1,,,
218,func_metrics_18_VIC_python,./models/18_VIC/tests/unit/vic_run/test_CalcAerodynamic.py,test_calc_aerodynamic,FUNCTION,6,2,A,1.0,1.0,11.6096404744368,2.0,23.2192809488736,1.2899600527152,0.0038698801581456,VIC,python,b1,2.0,0.0012662992332360282,1579.4055208333336
219,func_metrics_18_VIC_python,./models/18_VIC/tests/unit/vic_run/test_CalcAerodynamic.py, test_CalcAerodynamic.py  (module  aggregate) ,MODULE_AGG,1,2,A,,,,,,,,VIC,python,b1,,,
220,func_metrics_18_VIC_python,./models/18_VIC/tests/unit/vic_run/test_CalcBlowingSnow.py,<module>,FUNCTION,1,1,A,0.0,,0.0,0.0,0.0,0.0,0.0,VIC,python,b1,,,
221,func_metrics_18_VIC_python,./models/18_VIC/tests/unit/vic_run/test_CalcBlowingSnow.py, test_CalcBlowingSnow.py  (module  aggregate) ,MODULE_AGG,1,0,A,,,,,,,,VIC,python,b1,,,
222,func_metrics_18_VIC_python,./models/18_VIC/tests/unit/vic_run/test_calc_atmos_energy_bal.py,<module>,FUNCTION,1,1,A,2.0,,36.0,3.0,108.0,6.0,0.012,VIC,python,b1,,,
223,func_metrics_18_VIC_python,./models/18_VIC/tests/unit/vic_run/test_calc_atmos_energy_bal.py,test_calc_atmos_energy_bal,FUNCTION,5,9,B,1.0,1.0,11.6096404744368,2.0,23.2192809488736,1.2899600527152,0.0038698801581456,VIC,python,b1,2.0,0.0012662992332360282,1579.4055208333336
224,func_metrics_18_VIC_python,./models/18_VIC/tests/unit/vic_run/test_calc_atmos_energy_bal.py, test_calc_atmos_energy_bal.py  (module  aggregate) ,MODULE_AGG,1,9,B,,,,,,,,VIC,python,b1,,,
225,func_metrics_18_VIC_python,./models/18_VIC/tests/unit/vic_run/test_calc_Nscale_factors.py,<module>,FUNCTION,1,1,A,3.0,,53.1508495181978,2.66666666666667,141.735598715194,7.8741999286219,0.0177169498393993,VIC,python,b1,,,
226,func_metrics_18_VIC_python,./models/18_VIC/tests/unit/vic_run/test_calc_Nscale_factors.py,test_calc_nscale_factors,FUNCTION,6,2,A,1.0,1.0,11.6096404744368,2.0,23.2192809488736,1.2899600527152,0.0038698801581456,VIC,python,b1,3.0,0.0018994488498540422,1579.4055208333336
227,func_metrics_18_VIC_python,./models/18_VIC/tests/unit/vic_run/test_calc_Nscale_factors.py, test_calc_Nscale_factors.py  (module  aggregate) ,MODULE_AGG,1,2,A,,,,,,,,VIC,python,b1,,,
228,func_metrics_18_VIC_python,./models/18_VIC/tests/unit/vic_run/test_calc_rainonly.py,<module>,FUNCTION,1,1,A,1.0,,15.5097750043269,1.5,23.2646625064904,1.29248125036058,0.0051699250014423,VIC,python,b1,,,
229,func_metrics_18_VIC_python,./models/18_VIC/tests/unit/vic_run/test_calc_rainonly.py,test_rainonly,FUNCTION,4,4,A,1.0,1.0,11.6096404744368,2.0,23.2192809488736,1.2899600527152,0.0038698801581456,VIC,python,b1,2.0,0.0012662992332360282,1579.4055208333336
230,func_metrics_18_VIC_python,./models/18_VIC/tests/unit/vic_run/test_calc_rainonly.py, test_calc_rainonly.py  (module  aggregate) ,MODULE_AGG,1,4,A,,,,,,,,VIC,python,b1,,,
231,func_metrics_18_VIC_python,./models/18_VIC/tests/unit/vic_run/test_calc_snow_coverage.py,<module>,FUNCTION,1,1,A,2.0,,36.0,3.0,108.0,6.0,0.012,VIC,python,b1,,,
232,func_metrics_18_VIC_python,./models/18_VIC/tests/unit/vic_run/test_calc_snow_coverage.py,test_calc_snow_coverage_no_change,FUNCTION,5,2,A,1.0,1.0,11.6096404744368,2.0,23.2192809488736,1.2899600527152,0.0038698801581456,VIC,python,b1,2.0,0.0012662992332360282,1579.4055208333336
233,func_metrics_18_VIC_python,./models/18_VIC/tests/unit/vic_run/test_calc_snow_coverage.py,test_calc_snow_coverage_increased,FUNCTION,18,2,A,1.0,1.0,11.6096404744368,2.0,23.2192809488736,1.2899600527152,0.0038698801581456,VIC,python,b1,2.0,0.0012662992332360282,1579.4055208333336
234,func_metrics_18_VIC_python,./models/18_VIC/tests/unit/vic_run/test_calc_snow_coverage.py, test_calc_snow_coverage.py  (module  aggregate) ,MODULE_AGG,1,4,A,,,,,,,,VIC,python,b1,,,
235,func_metrics_18_VIC_python,./models/18_VIC/tests/unit/vic_run/test_calc_surf_energy_bal.py,<module>,FUNCTION,1,1,A,0.0,,0.0,0.0,0.0,0.0,0.0,VIC,python,b1,,,
236,func_metrics_18_VIC_python,./models/18_VIC/tests/unit/vic_run/test_calc_surf_energy_bal.py, test_calc_surf_energy_bal.py  (module  aggregate) ,MODULE_AGG,1,0,A,,,,,,,,VIC,python,b1,,,
237,func_metrics_18_VIC_python,./models/18_VIC/tests/unit/vic_run/test_calc_veg_params.py,<module>,FUNCTION,1,1,A,1.0,,15.5097750043269,1.5,23.2646625064904,1.29248125036058,0.0051699250014423,VIC,python,b1,,,
238,func_metrics_18_VIC_python,./models/18_VIC/tests/unit/vic_run/test_calc_veg_params.py,test_calc_veg_displacement,FUNCTION,4,3,A,1.0,1.0,11.6096404744368,2.0,23.2192809488736,1.2899600527152,0.0038698801581456,VIC,python,b1,2.0,0.0012662992332360282,1579.4055208333336
239,func_metrics_18_VIC_python,./models/18_VIC/tests/unit/vic_run/test_calc_veg_params.py,test_calc_veg_height,FUNCTION,9,3,A,1.0,1.0,11.6096404744368,2.0,23.2192809488736,1.2899600527152,0.0038698801581456,VIC,python,b1,2.0,0.0012662992332360282,1579.4055208333336
240,func_metrics_18_VIC_python,./models/18_VIC/tests/unit/vic_run/test_calc_veg_params.py,test_calc_veg_roughness,FUNCTION,14,3,A,1.0,1.0,11.6096404744368,2.0,23.2192809488736,1.2899600527152,0.0038698801581456,VIC,python,b1,2.0,0.0012662992332360282,1579.4055208333336
241,func_metrics_18_VIC_python,./models/18_VIC/tests/unit/vic_run/test_calc_veg_params.py, test_calc_veg_params.py  (module  aggregate) ,MODULE_AGG,1,9,B,,,,,,,,VIC,python,b1,,,
242,func_metrics_18_VIC_python,./models/18_VIC/tests/unit/vic_run/test_canopy_assimilation.py,<module>,FUNCTION,1,1,A,0.0,,0.0,0.0,0.0,0.0,0.0,VIC,python,b1,,,
243,func_metrics_18_VIC_python,./models/18_VIC/tests/unit/vic_run/test_canopy_assimilation.py, test_canopy_assimilation.py  (module  aggregate) ,MODULE_AGG,1,0,A,,,,,,,,VIC,python,b1,,,
244,func_metrics_18_VIC_python,./models/18_VIC/tests/unit/vic_run/test_canopy_evap.py,<module>,FUNCTION,1,1,A,0.0,,0.0,0.0,0.0,0.0,0.0,VIC,python,b1,,,
245,func_metrics_18_VIC_python,./models/18_VIC/tests/unit/vic_run/test_canopy_evap.py, test_canopy_evap.py  (module  aggregate) ,MODULE_AGG,1,0,A,,,,,,,,VIC,python,b1,,,
246,func_metrics_18_VIC_python,./models/18_VIC/tests/unit/vic_run/test_comparisons.py,<module>,FUNCTION,1,1,A,3.0,,55.3509058981968,2.28571428571429,126.516356338735,7.02868646326308,0.0184503019660656,VIC,python,b1,,,
247,func_metrics_18_VIC_python,./models/18_VIC/tests/unit/vic_run/test_comparisons.py,test_assert_close_float,FUNCTION,6,4,A,6.0,7.0,394.306775062019,14.8076923076923,5838.77339995683,324.376299997601,0.13143559168734,VIC,python,b1,3.0,0.002032938067271191,1475.696701388889
248,func_metrics_18_VIC_python,./models/18_VIC/tests/unit/vic_run/test_comparisons.py,test_assert_close_double,FUNCTION,16,4,A,6.0,7.0,394.306775062019,14.8076923076923,5838.77339995683,324.376299997601,0.13143559168734,VIC,python,b1,3.0,0.002032938067271191,1475.696701388889
249,func_metrics_18_VIC_python,./models/18_VIC/tests/unit/vic_run/test_comparisons.py, test_comparisons.py  (module  aggregate) ,MODULE_AGG,1,8,B,,,,,,,,VIC,python,b1,,,
250,func_metrics_18_VIC_python,./models/18_VIC/tests/unit/vic_run/test_compute_coszen.py,<module>,FUNCTION,1,1,A,0.0,,0.0,0.0,0.0,0.0,0.0,VIC,python,b1,,,
251,func_metrics_18_VIC_python,./models/18_VIC/tests/unit/vic_run/test_compute_coszen.py, test_compute_coszen.py  (module  aggregate) ,MODULE_AGG,1,0,A,,,,,,,,VIC,python,b1,,,
252,func_metrics_18_VIC_python,./models/18_VIC/tests/unit/vic_run/test_compute_pot_evap.py,<module>,FUNCTION,1,1,A,0.0,,0.0,0.0,0.0,0.0,0.0,VIC,python,b1,,,
253,func_metrics_18_VIC_python,./models/18_VIC/tests/unit/vic_run/test_compute_pot_evap.py, test_compute_pot_evap.py  (module  aggregate) ,MODULE_AGG,1,0,A,,,,,,,,VIC,python,b1,,,
254,func_metrics_18_VIC_python,./models/18_VIC/tests/unit/vic_run/test_compute_soil_resp.py,<module>,FUNCTION,1,1,A,0.0,,0.0,0.0,0.0,0.0,0.0,VIC,python,b1,,,
255,func_metrics_18_VIC_python,./models/18_VIC/tests/unit/vic_run/test_compute_soil_resp.py, test_compute_soil_resp.py  (module  aggregate) ,MODULE_AGG,1,0,A,,,,,,,,VIC,python,b1,,,
256,func_metrics_18_VIC_python,./models/18_VIC/tests/unit/vic_run/test_compute_zwt.py,<module>,FUNCTION,1,1,A,0.0,,0.0,0.0,0.0,0.0,0.0,VIC,python,b1,,,
257,func_metrics_18_VIC_python,./models/18_VIC/tests/unit/vic_run/test_compute_zwt.py, test_compute_zwt.py  (module  aggregate) ,MODULE_AGG,1,0,A,,,,,,,,VIC,python,b1,,,
258,func_metrics_18_VIC_python,./models/18_VIC/tests/unit/vic_run/test_correct_precip.py,<module>,FUNCTION,1,1,A,5.0,,83.7618082852673,3.33333333333333,279.206027617558,15.5114459787532,0.0279206027617558,VIC,python,b1,,,
259,func_metrics_18_VIC_python,./models/18_VIC/tests/unit/vic_run/test_correct_precip.py,test_correct_precip,FUNCTION,10,5,A,1.0,1.0,11.6096404744368,2.0,23.2192809488736,1.2899600527152,0.0038698801581456,VIC,python,b1,2.0,0.0012666101945188542,1579.0177662037038
260,func_metrics_18_VIC_python,./models/18_VIC/tests/unit/vic_run/test_correct_precip.py, test_correct_precip.py  (module  aggregate) ,MODULE_AGG,1,5,A,,,,,,,,VIC,python,b1,,,
261,func_metrics_18_VIC_python,./models/18_VIC/tests/unit/vic_run/test_estimate_T1.py,<module>,FUNCTION,1,1,A,1.0,,15.5097750043269,1.5,23.2646625064904,1.29248125036058,0.0051699250014423,VIC,python,b1,,,
262,func_metrics_18_VIC_python,./models/18_VIC/tests/unit/vic_run/test_estimate_T1.py,test_estimate_t1,FUNCTION,4,2,A,1.0,1.0,11.6096404744368,2.0,23.2192809488736,1.2899600527152,0.0038698801581456,VIC,python,b1,2.0,0.0012666101945188542,1579.0177662037038
263,func_metrics_18_VIC_python,./models/18_VIC/tests/unit/vic_run/test_estimate_T1.py, test_estimate_T1.py  (module  aggregate) ,MODULE_AGG,1,2,A,,,,,,,,VIC,python,b1,,,
264,func_metrics_18_VIC_python,./models/18_VIC/tests/unit/vic_run/test_faparl.py,<module>,FUNCTION,1,1,A,0.0,,0.0,0.0,0.0,0.0,0.0,VIC,python,b1,,,
265,func_metrics_18_VIC_python,./models/18_VIC/tests/unit/vic_run/test_faparl.py, test_faparl.py  (module  aggregate) ,MODULE_AGG,1,0,A,,,,,,,,VIC,python,b1,,,
266,func_metrics_18_VIC_python,./models/18_VIC/tests/unit/vic_run/test_frozen_soil.py,<module>,FUNCTION,1,1,A,0.0,,0.0,0.0,0.0,0.0,0.0,VIC,python,b1,,,
267,func_metrics_18_VIC_python,./models/18_VIC/tests/unit/vic_run/test_frozen_soil.py, test_frozen_soil.py  (module  aggregate) ,MODULE_AGG,1,0,A,,,,,,,,VIC,python,b1,,,
268,func_metrics_18_VIC_python,./models/18_VIC/tests/unit/vic_run/test_func_atmos_energy_bal.py,<module>,FUNCTION,1,1,A,0.0,,0.0,0.0,0.0,0.0,0.0,VIC,python,b1,,,
269,func_metrics_18_VIC_python,./models/18_VIC/tests/unit/vic_run/test_func_atmos_energy_bal.py, test_func_atmos_energy_bal.py  (module  aggregate) ,MODULE_AGG,1,0,A,,,,,,,,VIC,python,b1,,,
270,func_metrics_18_VIC_python,./models/18_VIC/tests/unit/vic_run/test_func_atmos_moist_bal.py,<module>,FUNCTION,1,1,A,0.0,,0.0,0.0,0.0,0.0,0.0,VIC,python,b1,,,
271,func_metrics_18_VIC_python,./models/18_VIC/tests/unit/vic_run/test_func_atmos_moist_bal.py, test_func_atmos_moist_bal.py  (module  aggregate) ,MODULE_AGG,1,0,A,,,,,,,,VIC,python,b1,,,
272,func_metrics_18_VIC_python,./models/18_VIC/tests/unit/vic_run/test_func_canopy_energy_bal.py,<module>,FUNCTION,1,1,A,0.0,,0.0,0.0,0.0,0.0,0.0,VIC,python,b1,,,
273,func_metrics_18_VIC_python,./models/18_VIC/tests/unit/vic_run/test_func_canopy_energy_bal.py, test_func_canopy_energy_bal.py  (module  aggregate) ,MODULE_AGG,1,0,A,,,,,,,,VIC,python,b1,,,
274,func_metrics_18_VIC_python,./models/18_VIC/tests/unit/vic_run/test_func_surf_energy_bal.py,<module>,FUNCTION,1,1,A,0.0,,0.0,0.0,0.0,0.0,0.0,VIC,python,b1,,,
275,func_metrics_18_VIC_python,./models/18_VIC/tests/unit/vic_run/test_func_surf_energy_bal.py, test_func_surf_energy_bal.py  (module  aggregate) ,MODULE_AGG,1,0,A,,,,,,,,VIC,python,b1,,,
276,func_metrics_18_VIC_python,./models/18_VIC/tests/unit/vic_run/test_IceEnergyBalance.py,<module>,FUNCTION,1,1,A,0.0,,0.0,0.0,0.0,0.0,0.0,VIC,python,b1,,,
277,func_metrics_18_VIC_python,./models/18_VIC/tests/unit/vic_run/test_IceEnergyBalance.py, test_IceEnergyBalance.py  (module  aggregate) ,MODULE_AGG,1,0,A,,,,,,,,VIC,python,b1,,,
278,func_metrics_18_VIC_python,./models/18_VIC/tests/unit/vic_run/test_ice_melt.py,<module>,FUNCTION,1,1,A,0.0,,0.0,0.0,0.0,0.0,0.0,VIC,python,b1,,,
279,func_metrics_18_VIC_python,./models/18_VIC/tests/unit/vic_run/test_ice_melt.py, test_ice_melt.py  (module  aggregate) ,MODULE_AGG,1,0,A,,,,,,,,VIC,python,b1,,,
280,func_metrics_18_VIC_python,./models/18_VIC/tests/unit/vic_run/test_initialize_lake.py,<module>,FUNCTION,1,1,A,0.0,,0.0,0.0,0.0,0.0,0.0,VIC,python,b1,,,
281,func_metrics_18_VIC_python,./models/18_VIC/tests/unit/vic_run/test_initialize_lake.py, test_initialize_lake.py  (module  aggregate) ,MODULE_AGG,1,0,A,,,,,,,,VIC,python,b1,,,
282,func_metrics_18_VIC_python,./models/18_VIC/tests/unit/vic_run/test_lakes.py,<module>,FUNCTION,1,1,A,0.0,,0.0,0.0,0.0,0.0,0.0,VIC,python,b1,,,
283,func_metrics_18_VIC_python,./models/18_VIC/tests/unit/vic_run/test_lakes.py, test_lakes.py  (module  aggregate) ,MODULE_AGG,1,0,A,,,,,,,,VIC,python,b1,,,
284,func_metrics_18_VIC_python,./models/18_VIC/tests/unit/vic_run/test_latent_heat_from_snow.py,<module>,FUNCTION,1,1,A,0.0,,0.0,0.0,0.0,0.0,0.0,VIC,python,b1,,,
285,func_metrics_18_VIC_python,./models/18_VIC/tests/unit/vic_run/test_latent_heat_from_snow.py, test_latent_heat_from_snow.py  (module  aggregate) ,MODULE_AGG,1,0,A,,,,,,,,VIC,python,b1,,,
286,func_metrics_18_VIC_python,./models/18_VIC/tests/unit/vic_run/test_massrelease.py,<module>,FUNCTION,1,1,A,0.0,,0.0,0.0,0.0,0.0,0.0,VIC,python,b1,,,
287,func_metrics_18_VIC_python,./models/18_VIC/tests/unit/vic_run/test_massrelease.py, test_massrelease.py  (module  aggregate) ,MODULE_AGG,1,0,A,,,,,,,,VIC,python,b1,,,
288,func_metrics_18_VIC_python,./models/18_VIC/tests/unit/vic_run/test_modify_Ksat.py,<module>,FUNCTION,1,1,A,3.0,,57.3594000115385,2.0,114.718800023077,6.37326666794872,0.0191198000038462,VIC,python,b1,,,
289,func_metrics_18_VIC_python,./models/18_VIC/tests/unit/vic_run/test_modify_Ksat.py,test_linear_interp,FUNCTION,6,3,A,9.0,9.0,549.445986855037,15.4761904761905,8503.330748947,472.407263830389,0.183148662285012,VIC,python,b1,4.0,0.0025332203890377084,1579.0177662037038
290,func_metrics_18_VIC_python,./models/18_VIC/tests/unit/vic_run/test_modify_Ksat.py, test_modify_Ksat.py  (module  aggregate) ,MODULE_AGG,1,3,A,,,,,,,,VIC,python,b1,,,
291,func_metrics_18_VIC_python,./models/18_VIC/tests/unit/vic_run/test_newt_raph_func_fast.py,<module>,FUNCTION,1,1,A,0.0,,0.0,0.0,0.0,0.0,0.0,VIC,python,b1,,,
292,func_metrics_18_VIC_python,./models/18_VIC/tests/unit/vic_run/test_newt_raph_func_fast.py, test_newt_raph_func_fast.py  (module  aggregate) ,MODULE_AGG,1,0,A,,,,,,,,VIC,python,b1,,,
293,func_metrics_18_VIC_python,./models/18_VIC/tests/unit/vic_run/test_penman.py,<module>,FUNCTION,1,1,A,0.0,,0.0,0.0,0.0,0.0,0.0,VIC,python,b1,,,
294,func_metrics_18_VIC_python,./models/18_VIC/tests/unit/vic_run/test_penman.py, test_penman.py  (module  aggregate) ,MODULE_AGG,1,0,A,,,,,,,,VIC,python,b1,,,
295,func_metrics_18_VIC_python,./models/18_VIC/tests/unit/vic_run/test_photosynth.py,<module>,FUNCTION,1,1,A,1.0,,15.5097750043269,1.5,23.2646625064904,1.29248125036058,0.0051699250014423,VIC,python,b1,,,
296,func_metrics_18_VIC_python,./models/18_VIC/tests/unit/vic_run/test_photosynth.py,test_hitinhib,FUNCTION,4,3,A,3.0,3.0,101.579155485821,13.75,1396.71338793005,77.5951882183359,0.0338597184952738,VIC,python,b1,2.0,0.0012666101945188542,1579.0177662037038
297,func_metrics_18_VIC_python,./models/18_VIC/tests/unit/vic_run/test_photosynth.py,test_darkinhib,FUNCTION,10,5,A,4.0,4.0,126.711348078761,19.5,2470.87128753583,137.270627085324,0.0422371160262535,VIC,python,b1,2.0,0.0012666101945188542,1579.0177662037038
298,func_metrics_18_VIC_python,./models/18_VIC/tests/unit/vic_run/test_photosynth.py, test_photosynth.py  (module  aggregate) ,MODULE_AGG,1,8,B,,,,,,,,VIC,python,b1,,,
299,func_metrics_18_VIC_python,./models/18_VIC/tests/unit/vic_run/test_physics.py,<module>,FUNCTION,1,1,A,5.0,,70.3083546446808,2.44444444444444,171.86486690922,9.54804816162331,0.0234361182148936,VIC,python,b1,,,
300,func_metrics_18_VIC_python,./models/18_VIC/tests/unit/vic_run/test_physics.py,test_calc_latent_heat_of_sublimation,FUNCTION,11,3,A,1.0,1.0,11.6096404744368,2.0,23.2192809488736,1.2899600527152,0.0038698801581456,VIC,python,b1,2.0,0.0012662992332360282,1579.4055208333336
301,func_metrics_18_VIC_python,./models/18_VIC/tests/unit/vic_run/test_physics.py,test_calc_latent_heat_of_vaporization,FUNCTION,18,3,A,1.0,1.0,11.6096404744368,2.0,23.2192809488736,1.2899600527152,0.0038698801581456,VIC,python,b1,2.0,0.0012662992332360282,1579.4055208333336
302,func_metrics_18_VIC_python,./models/18_VIC/tests/unit/vic_run/test_physics.py,test_calc_outgoing_longwave,FUNCTION,25,3,A,6.0,6.0,194.486764269931,12.8333333333333,2495.91347479745,138.66185971097,0.0648289214233104,VIC,python,b1,2.0,0.0012662992332360282,1579.4055208333336
303,func_metrics_18_VIC_python,./models/18_VIC/tests/unit/vic_run/test_physics.py,test_calc_scale_height,FUNCTION,33,4,A,1.0,1.0,11.6096404744368,2.0,23.2192809488736,1.2899600527152,0.0038698801581456,VIC,python,b1,2.0,0.0012662992332360282,1579.4055208333336
304,func_metrics_18_VIC_python,./models/18_VIC/tests/unit/vic_run/test_physics.py,test_calc_sensible_heat,FUNCTION,42,4,A,1.0,1.0,11.6096404744368,2.0,23.2192809488736,1.2899600527152,0.0038698801581456,VIC,python,b1,2.0,0.0012662992332360282,1579.4055208333336
305,func_metrics_18_VIC_python,./models/18_VIC/tests/unit/vic_run/test_physics.py, test_physics.py  (module  aggregate) ,MODULE_AGG,1,17,C,,,,,,,,VIC,python,b2,,,
306,func_metrics_18_VIC_python,./models/18_VIC/tests/unit/vic_run/test_prepare_full_energy.py,<module>,FUNCTION,1,1,A,0.0,,0.0,0.0,0.0,0.0,0.0,VIC,python,b1,,,
307,func_metrics_18_VIC_python,./models/18_VIC/tests/unit/vic_run/test_prepare_full_energy.py, test_prepare_full_energy.py  (module  aggregate) ,MODULE_AGG,1,0,A,,,,,,,,VIC,python,b1,,,
308,func_metrics_18_VIC_python,./models/18_VIC/tests/unit/vic_run/test_root_brent.py,<module>,FUNCTION,1,1,A,0.0,,0.0,0.0,0.0,0.0,0.0,VIC,python,b1,,,
309,func_metrics_18_VIC_python,./models/18_VIC/tests/unit/vic_run/test_root_brent.py, test_root_brent.py  (module  aggregate) ,MODULE_AGG,1,0,A,,,,,,,,VIC,python,b1,,,
310,func_metrics_18_VIC_python,./models/18_VIC/tests/unit/vic_run/test_runoff.py,<module>,FUNCTION,1,1,A,0.0,,0.0,0.0,0.0,0.0,0.0,VIC,python,b1,,,
311,func_metrics_18_VIC_python,./models/18_VIC/tests/unit/vic_run/test_runoff.py, test_runoff.py  (module  aggregate) ,MODULE_AGG,1,0,A,,,,,,,,VIC,python,b1,,,
312,func_metrics_18_VIC_python,./models/18_VIC/tests/unit/vic_run/test_SnowPackEnergyBalance.py,<module>,FUNCTION,1,1,A,0.0,,0.0,0.0,0.0,0.0,0.0,VIC,python,b1,,,
313,func_metrics_18_VIC_python,./models/18_VIC/tests/unit/vic_run/test_SnowPackEnergyBalance.py, test_SnowPackEnergyBalance.py  (module  aggregate) ,MODULE_AGG,1,0,A,,,,,,,,VIC,python,b1,,,
314,func_metrics_18_VIC_python,./models/18_VIC/tests/unit/vic_run/test_snow_intercept.py,<module>,FUNCTION,1,1,A,0.0,,0.0,0.0,0.0,0.0,0.0,VIC,python,b1,,,
315,func_metrics_18_VIC_python,./models/18_VIC/tests/unit/vic_run/test_snow_intercept.py, test_snow_intercept.py  (module  aggregate) ,MODULE_AGG,1,0,A,,,,,,,,VIC,python,b1,,,
316,func_metrics_18_VIC_python,./models/18_VIC/tests/unit/vic_run/test_snow_melt.py,<module>,FUNCTION,1,1,A,0.0,,0.0,0.0,0.0,0.0,0.0,VIC,python,b1,,,
317,func_metrics_18_VIC_python,./models/18_VIC/tests/unit/vic_run/test_snow_melt.py, test_snow_melt.py  (module  aggregate) ,MODULE_AGG,1,0,A,,,,,,,,VIC,python,b1,,,
318,func_metrics_18_VIC_python,./models/18_VIC/tests/unit/vic_run/test_snow_utility.py,<module>,FUNCTION,1,1,A,3.0,,44.3789500201924,2.8,124.261060056539,6.90339222536326,0.0147929833400641,VIC,python,b1,,,
319,func_metrics_18_VIC_python,./models/18_VIC/tests/unit/vic_run/test_snow_utility.py,test_snow_albedo_new_snow,FUNCTION,7,2,A,1.0,1.0,11.6096404744368,2.0,23.2192809488736,1.2899600527152,0.0038698801581456,VIC,python,b1,3.0,0.0018994488498540422,1579.4055208333336
320,func_metrics_18_VIC_python,./models/18_VIC/tests/unit/vic_run/test_snow_utility.py,test_snow_albedo_old_snow,FUNCTION,15,3,A,1.0,1.0,11.6096404744368,2.0,23.2192809488736,1.2899600527152,0.0038698801581456,VIC,python,b1,2.0,0.0012662992332360282,1579.4055208333336
321,func_metrics_18_VIC_python,./models/18_VIC/tests/unit/vic_run/test_snow_utility.py, test_snow_utility.py  (module  aggregate) ,MODULE_AGG,1,5,A,,,,,,,,VIC,python,b1,,,
322,func_metrics_18_VIC_python,./models/18_VIC/tests/unit/vic_run/test_soil_carbon_balance.py,<module>,FUNCTION,1,1,A,0.0,,0.0,0.0,0.0,0.0,0.0,VIC,python,b1,,,
323,func_metrics_18_VIC_python,./models/18_VIC/tests/unit/vic_run/test_soil_carbon_balance.py, test_soil_carbon_balance.py  (module  aggregate) ,MODULE_AGG,1,0,A,,,,,,,,VIC,python,b1,,,
324,func_metrics_18_VIC_python,./models/18_VIC/tests/unit/vic_run/test_soil_conduction.py,<module>,FUNCTION,1,1,A,0.0,,0.0,0.0,0.0,0.0,0.0,VIC,python,b1,,,
325,func_metrics_18_VIC_python,./models/18_VIC/tests/unit/vic_run/test_soil_conduction.py, test_soil_conduction.py  (module  aggregate) ,MODULE_AGG,1,0,A,,,,,,,,VIC,python,b1,,,
326,func_metrics_18_VIC_python,./models/18_VIC/tests/unit/vic_run/test_soil_thermal_eqn.py,<module>,FUNCTION,1,1,A,0.0,,0.0,0.0,0.0,0.0,0.0,VIC,python,b1,,,
327,func_metrics_18_VIC_python,./models/18_VIC/tests/unit/vic_run/test_soil_thermal_eqn.py, test_soil_thermal_eqn.py  (module  aggregate) ,MODULE_AGG,1,0,A,,,,,,,,VIC,python,b1,,,
328,func_metrics_18_VIC_python,./models/18_VIC/tests/unit/vic_run/test_solve_snow.py,<module>,FUNCTION,1,1,A,0.0,,0.0,0.0,0.0,0.0,0.0,VIC,python,b1,,,
329,func_metrics_18_VIC_python,./models/18_VIC/tests/unit/vic_run/test_solve_snow.py, test_solve_snow.py  (module  aggregate) ,MODULE_AGG,1,0,A,,,,,,,,VIC,python,b1,,,
330,func_metrics_18_VIC_python,./models/18_VIC/tests/unit/vic_run/test_StabilityCorrection.py,<module>,FUNCTION,1,1,A,1.0,,15.5097750043269,1.5,23.2646625064904,1.29248125036058,0.0051699250014423,VIC,python,b1,,,
331,func_metrics_18_VIC_python,./models/18_VIC/tests/unit/vic_run/test_StabilityCorrection.py,test_stability_correction,FUNCTION,4,2,A,1.0,1.0,11.6096404744368,2.0,23.2192809488736,1.2899600527152,0.0038698801581456,VIC,python,b1,2.0,0.0012662992332360282,1579.4055208333336
332,func_metrics_18_VIC_python,./models/18_VIC/tests/unit/vic_run/test_StabilityCorrection.py, test_StabilityCorrection.py  (module  aggregate) ,MODULE_AGG,1,2,A,,,,,,,,VIC,python,b1,,,
333,func_metrics_18_VIC_python,./models/18_VIC/tests/unit/vic_run/test_surface_fluxes.py,<module>,FUNCTION,1,1,A,0.0,,0.0,0.0,0.0,0.0,0.0,VIC,python,b1,,,
334,func_metrics_18_VIC_python,./models/18_VIC/tests/unit/vic_run/test_surface_fluxes.py, test_surface_fluxes.py  (module  aggregate) ,MODULE_AGG,1,0,A,,,,,,,,VIC,python,b1,,,
335,func_metrics_18_VIC_python,./models/18_VIC/tests/unit/vic_run/test_svp.py,<module>,FUNCTION,1,1,A,1.0,,15.5097750043269,1.5,23.2646625064904,1.29248125036058,0.0051699250014423,VIC,python,b1,,,
336,func_metrics_18_VIC_python,./models/18_VIC/tests/unit/vic_run/test_svp.py,test_svp,FUNCTION,4,3,A,1.0,1.0,11.6096404744368,2.0,23.2192809488736,1.2899600527152,0.0038698801581456,VIC,python,b1,2.0,0.0012662992332360282,1579.4055208333336
337,func_metrics_18_VIC_python,./models/18_VIC/tests/unit/vic_run/test_svp.py,test_svp_slope,FUNCTION,9,3,A,1.0,1.0,11.6096404744368,2.0,23.2192809488736,1.2899600527152,0.0038698801581456,VIC,python,b1,2.0,0.0012662992332360282,1579.4055208333336
338,func_metrics_18_VIC_python,./models/18_VIC/tests/unit/vic_run/test_svp.py, test_svp.py  (module  aggregate) ,MODULE_AGG,1,6,B,,,,,,,,VIC,python,b1,,,
339,func_metrics_18_VIC_python,./models/18_VIC/tests/unit/vic_run/test_vic_run.py,<module>,FUNCTION,1,1,A,0.0,,0.0,0.0,0.0,0.0,0.0,VIC,python,b1,,,
340,func_metrics_18_VIC_python,./models/18_VIC/tests/unit/vic_run/test_vic_run.py, test_vic_run.py  (module  aggregate) ,MODULE_AGG,1,0,A,,,,,,,,VIC,python,b1,,,
341,func_metrics_18_VIC_python,./models/18_VIC/tests/unit/vic_run/test_water_energy_balance.py,<module>,FUNCTION,1,1,A,0.0,,0.0,0.0,0.0,0.0,0.0,VIC,python,b1,,,
342,func_metrics_18_VIC_python,./models/18_VIC/tests/unit/vic_run/test_water_energy_balance.py, test_water_energy_balance.py  (module  aggregate) ,MODULE_AGG,1,0,A,,,,,,,,VIC,python,b1,,,
343,func_metrics_18_VIC_python,./models/18_VIC/tests/unit/vic_run/test_water_under_ice.py,<module>,FUNCTION,1,1,A,0.0,,0.0,0.0,0.0,0.0,0.0,VIC,python,b1,,,
344,func_metrics_18_VIC_python,./models/18_VIC/tests/unit/vic_run/test_water_under_ice.py, test_water_under_ice.py  (module  aggregate) ,MODULE_AGG,1,0,A,,,,,,,,VIC,python,b1,,,
345,func_metrics_18_VIC_python,./models/18_VIC/tests/unit/vic_run/test_write_layer.py,<module>,FUNCTION,1,1,A,0.0,,0.0,0.0,0.0,0.0,0.0,VIC,python,b1,,,
346,func_metrics_18_VIC_python,./models/18_VIC/tests/unit/vic_run/test_write_layer.py, test_write_layer.py  (module  aggregate) ,MODULE_AGG,1,0,A,,,,,,,,VIC,python,b1,,,
347,func_metrics_18_VIC_python,./models/18_VIC/tests/unit/vic_run/test_write_vegvar.py,<module>,FUNCTION,1,1,A,0.0,,0.0,0.0,0.0,0.0,0.0,VIC,python,b1,,,
348,func_metrics_18_VIC_python,./models/18_VIC/tests/unit/vic_run/test_write_vegvar.py, test_write_vegvar.py  (module  aggregate) ,MODULE_AGG,1,0,A,,,,,,,,VIC,python,b1,,,
349,func_metrics_18_VIC_python,./models/18_VIC/tests/unit/vic_run/test_zero_output_list.py,<module>,FUNCTION,1,1,A,0.0,,0.0,0.0,0.0,0.0,0.0,VIC,python,b1,,,
350,func_metrics_18_VIC_python,./models/18_VIC/tests/unit/vic_run/test_zero_output_list.py, test_zero_output_list.py  (module  aggregate) ,MODULE_AGG,1,0,A,,,,,,,,VIC,python,b1,,,
351,func_metrics_18_VIC_python,./models/18_VIC/vic/drivers/python/setup.py,<module>,FUNCTION,1,13,C,99.0,,4419.57818628039,44.9230769230769,198541.050829827,11030.0583794348,1.47319272876013,VIC,python,b2,,,
352,func_metrics_18_VIC_python,./models/18_VIC/vic/drivers/python/setup.py,write_version_py,FUNCTION,77,2,A,6.0,10.0,236.836665678511,7.66666666666667,1815.74777020192,100.874876122329,0.0789455552261703,VIC,python,b1,2.0,0.00126029125724796,1586.9347569444444
353,func_metrics_18_VIC_python,./models/18_VIC/vic/drivers/python/setup.py,maybe_eval_between_brackets,FUNCTION,91,4,A,10.0,10.0,249.123305061478,12.25,3051.7604870031,169.54224927795,0.0830411016871593,VIC,python,b1,1.0,0.0008227432046767695,1215.446076388889
354,func_metrics_18_VIC_python,./models/18_VIC/vic/drivers/python/setup.py,make_cffi_headers,FUNCTION,105,9,B,59.0,76.0,1962.42363336774,40.5263157894737,79529.7998785872,4418.32221547707,0.654141211122579,VIC,python,b1,3.0,0.0018904368858719404,1586.9347569444444
355,func_metrics_18_VIC_python,./models/18_VIC/vic/drivers/python/setup.py,CleanCommand,CLASS,46,3,A,23.0,28.0,584.738263931726,18.5263157894737,10833.0457317878,601.835873988209,0.194912754643909,VIC,python,b1,4.0,0.00252058251449592,1586.9347569444444
356,func_metrics_18_VIC_python,./models/18_VIC/vic/drivers/python/setup.py,CleanCommand.initialize_options,METHOD,50,1,A,2.0,2.0,19.6514844544032,2.5,49.1287111360081,2.72937284088934,0.0065504948181344,VIC,python,b1,1.0,0.0006623458514603874,1509.78525462963
357,func_metrics_18_VIC_python,./models/18_VIC/vic/drivers/python/setup.py,CleanCommand.finalize_options,METHOD,53,1,A,2.0,2.0,19.6514844544032,2.5,49.1287111360081,2.72937284088934,0.0065504948181344,VIC,python,b1,1.0,0.0006623458514603874,1509.78525462963
358,func_metrics_18_VIC_python,./models/18_VIC/vic/drivers/python/setup.py,CleanCommand.run,METHOD,56,5,A,16.0,18.0,432.360308566354,19.2857142857143,8338.37737949397,463.243187749665,0.144120102855451,VIC,python,b1,4.0,0.00252058251449592,1586.9347569444444
359,func_metrics_18_VIC_python,./models/18_VIC/vic/drivers/python/setup.py, CleanCommand  (aggregate) ,CLASS_AGG,50,7,B,,,,,,,,VIC,python,b1,,,
360,func_metrics_18_VIC_python,./models/18_VIC/vic/drivers/python/setup.py, setup.py  (module  aggregate) ,MODULE_AGG,1,22,D,,,,,,,,VIC,python,b3,,,
361,func_metrics_18_VIC_python,./models/18_VIC/vic/drivers/python/vic_build.py,<module>,FUNCTION,1,2,A,7.0,,162.515744642814,7.72727272727273,1255.80348133084,69.7668600739354,0.0541719148809381,VIC,python,b1,,,
362,func_metrics_18_VIC_python,./models/18_VIC/vic/drivers/python/vic_build.py, vic_build.py  (module  aggregate) ,MODULE_AGG,1,0,A,,,,,,,,VIC,python,b1,,,
363,func_metrics_18_VIC_python,./models/18_VIC/vic/drivers/python/vic/driver.py,<module>,FUNCTION,1,1,A,1.0,,15.5097750043269,1.5,23.2646625064904,1.29248125036058,0.0051699250014423,VIC,python,b1,,,
364,func_metrics_18_VIC_python,./models/18_VIC/vic/drivers/python/vic/driver.py,vic_init,FUNCTION,10,1,A,2.0,2.0,15.5097750043269,2.5,38.7744375108173,2.15413541726763,0.0051699250014423,VIC,python,b1,1.0,0.0006305531139664837,1585.9092245370368
365,func_metrics_18_VIC_python,./models/18_VIC/vic/drivers/python/vic/driver.py,vic_run,FUNCTION,14,1,A,2.0,2.0,15.5097750043269,2.5,38.7744375108173,2.15413541726763,0.0051699250014423,VIC,python,b1,1.0,0.0006305531139664837,1585.9092245370368
366,func_metrics_18_VIC_python,./models/18_VIC/vic/drivers/python/vic/driver.py,vic_final,FUNCTION,18,1,A,2.0,2.0,15.5097750043269,2.5,38.7744375108173,2.15413541726763,0.0051699250014423,VIC,python,b1,1.0,0.0006305531139664837,1585.9092245370368
367,func_metrics_18_VIC_python,./models/18_VIC/vic/drivers/python/vic/driver.py, driver.py  (module  aggregate) ,MODULE_AGG,1,3,A,,,,,,,,VIC,python,b1,,,
368,func_metrics_18_VIC_python,./models/18_VIC/vic/drivers/python/vic/pycompat.py,<module>,FUNCTION,1,4,A,33.0,,794.139547876009,15.5,12309.1629920781,683.842388448786,0.264713182625336,VIC,python,b1,,,
369,func_metrics_18_VIC_python,./models/18_VIC/vic/drivers/python/vic/pycompat.py,iteritems,FUNCTION,11,1,A,2.0,2.0,49.8289214233104,3.75,186.858455337414,10.381025296523,0.0166096404744368,VIC,python,b1,1.0,0.000662846537838606,1508.644826388889
370,func_metrics_18_VIC_python,./models/18_VIC/vic/drivers/python/vic/pycompat.py,itervalues,FUNCTION,14,1,A,2.0,2.0,49.8289214233104,3.75,186.858455337414,10.381025296523,0.0166096404744368,VIC,python,b1,1.0,0.000662846537838606,1508.644826388889
371,func_metrics_18_VIC_python,./models/18_VIC/vic/drivers/python/vic/pycompat.py,iteritems,FUNCTION,26,1,A,2.0,2.0,36.0,6.0,216.0,12.0,0.012,VIC,python,b1,1.0,0.000662846537838606,1508.644826388889
372,func_metrics_18_VIC_python,./models/18_VIC/vic/drivers/python/vic/pycompat.py,itervalues,FUNCTION,29,1,A,2.0,2.0,36.0,6.0,216.0,12.0,0.012,VIC,python,b1,1.0,0.000662846537838606,1508.644826388889
373,func_metrics_18_VIC_python,./models/18_VIC/vic/drivers/python/vic/pycompat.py, pycompat.py  (module  aggregate) ,MODULE_AGG,1,4,A,,,,,,,,VIC,python,b1,,,
374,func_metrics_18_VIC_python,./models/18_VIC/vic/drivers/python/vic/vic.py,<module>,FUNCTION,1,1,A,6.0,,125.020499059473,4.66666666666667,583.428995610872,32.4127219783818,0.0416734996864909,VIC,python,b1,,,
375,func_metrics_18_VIC_python,./models/18_VIC/vic/drivers/python/vic/vic.py,_load_lib,FUNCTION,10,1,A,7.0,8.0,252.172937539664,7.5,1891.29703154748,105.072057308193,0.0840576458465545,VIC,python,b1,4.0,0.0023578226462997905,1696.480439814815
376,func_metrics_18_VIC_python,./models/18_VIC/vic/drivers/python/vic/vic.py, vic.py  (module  aggregate) ,MODULE_AGG,1,1,A,,,,,,,,VIC,python,b1,,,
377,func_metrics_18_VIC_python,./models/18_VIC/vic/drivers/python/vic/__init__.py,<module>,FUNCTION,1,1,A,2.0,,24.0,2.5,60.0,3.33333333333333,0.008,VIC,python,b1,,,
378,func_metrics_18_VIC_python,./models/18_VIC/vic/drivers/python/vic/__init__.py, __init__.py  (module  aggregate) ,MODULE_AGG,1,0,A,,,,,,,,VIC,python,b1,,,
